App name,Date,Duration
Accessibility,2019-06-01,1.0
Adapt sound,2019-05-29,2.0
Airtel,2019-05-22,2.0
Airtel,2019-05-24,4.0
Airtel,2019-05-26,3.0
Airtel,2019-05-30,1.0
Airtel,2019-07-15,7.0
Airtel,2019-08-18,13.0
Airtel,2019-10-02,3.0
Airtel,2019-11-08,3.0
Airtel,2019-11-11,5.0
Airtel Xstream,2019-08-28,4.0
Airtel Xstream,2019-09-05,2.0
Airtel Xstream,2019-10-08,1.0
Amazon Kindle,2019-05-29,2.0
Amazon Kindle,2019-06-04,1.0
Amazon Kindle,2019-06-05,2.0
Amazon Kindle,2019-06-07,12.0
Amazon Kindle,2019-06-08,15.0
Amazon Kindle,2019-06-09,48.0
Amazon Kindle,2019-06-10,8.0
Amazon Kindle,2019-06-11,18.0
Amazon Kindle,2019-06-12,14.0
Amazon Kindle,2019-06-15,2.0
Amazon Kindle,2019-06-18,25.0
Amazon Kindle,2019-06-20,21.0
Amazon Kindle,2019-06-23,6.0
Amazon Kindle,2019-06-24,8.0
Amazon Kindle,2019-06-26,9.0
Amazon Kindle,2019-06-27,14.0
Amazon Kindle,2019-06-28,10.0
Amazon Kindle,2019-06-29,22.0
Amazon Kindle,2019-06-30,43.0
Amazon Kindle,2019-07-01,38.0
Amazon Kindle,2019-07-03,9.0
Amazon Kindle,2019-07-04,44.0
Amazon Kindle,2019-07-05,18.0
Amazon Kindle,2019-07-10,10.0
Amazon Kindle,2019-07-11,7.0
Amazon Kindle,2019-07-12,6.0
Amazon Kindle,2019-07-13,33.0
Amazon Kindle,2019-07-14,1.0
Amazon Kindle,2019-07-16,25.0
Amazon Kindle,2019-07-17,43.0
Amazon Kindle,2019-07-18,59.0
Amazon Kindle,2019-07-19,35.0
Amazon Kindle,2019-07-20,59.0
Amazon Kindle,2019-07-21,59.0
Amazon Kindle,2019-07-22,11.0
Amazon Kindle,2019-07-23,16.0
Amazon Kindle,2019-07-24,39.0
Amazon Kindle,2019-07-26,42.0
Amazon Kindle,2019-07-28,6.0
Amazon Kindle,2019-07-29,8.0
Amazon Kindle,2019-07-30,18.0
Amazon Kindle,2019-07-31,15.0
Amazon Kindle,2019-08-01,33.0
Amazon Kindle,2019-08-03,43.0
Amazon Kindle,2019-08-05,8.0
Amazon Kindle,2019-08-06,12.0
Amazon Kindle,2019-08-07,6.0
Amazon Kindle,2019-08-08,19.0
Amazon Kindle,2019-08-09,16.0
Amazon Kindle,2019-08-12,19.0
Amazon Kindle,2019-08-13,54.0
Amazon Kindle,2019-08-14,9.0
Amazon Kindle,2019-08-20,9.0
Amazon Kindle,2019-08-21,24.0
Amazon Kindle,2019-08-23,21.0
Amazon Kindle,2019-08-25,2.0
Amazon Kindle,2019-08-26,10.0
Amazon Kindle,2019-08-27,9.0
Amazon Kindle,2019-08-28,19.0
Amazon Kindle,2019-08-29,23.0
Amazon Kindle,2019-09-02,4.0
Amazon Kindle,2019-09-03,7.0
Amazon Kindle,2019-09-04,2.0
Amazon Kindle,2019-09-12,2.0
Amazon Kindle,2019-09-13,10.0
Amazon Kindle,2019-09-15,21.0
Amazon Kindle,2019-09-16,3.0
Amazon Kindle,2019-09-17,2.0
Amazon Kindle,2019-09-18,4.0
Amazon Kindle,2019-09-19,9.0
Amazon Kindle,2019-09-23,6.0
Amazon Kindle,2019-09-24,20.0
Amazon Kindle,2019-09-26,27.0
Amazon Kindle,2019-09-28,8.0
Amazon Kindle,2019-09-29,15.0
Amazon Kindle,2019-09-30,1.0
Amazon Kindle,2019-10-01,45.0
Amazon Kindle,2019-10-02,5.0
Amazon Kindle,2019-10-03,24.0
Amazon Kindle,2019-10-04,5.0
Amazon Kindle,2019-10-09,1.0
Amazon Kindle,2019-10-17,8.0
Amazon Kindle,2019-10-24,3.0
Amazon Kindle,2019-11-10,17.0
Amazon Kindle,2019-11-11,20.0
Amazon Kindle,2019-11-13,10.0
Amazon Kindle,2019-11-14,13.0
Amazon Kindle,2019-11-16,12.0
Amazon Kindle,2019-11-20,8.0
Amazon Kindle,2019-11-22,3.0
Amazon Shopping,2019-05-18,11.0
Amazon Shopping,2019-05-28,3.0
Amazon Shopping,2019-05-30,3.0
Amazon Shopping,2019-06-11,3.0
Amazon Shopping,2019-06-15,6.0
Amazon Shopping,2019-06-16,7.0
Amazon Shopping,2019-06-19,9.0
Amazon Shopping,2019-06-20,3.0
Amazon Shopping,2019-06-22,2.0
Amazon Shopping,2019-06-23,2.0
Amazon Shopping,2019-06-24,1.0
Amazon Shopping,2019-06-25,12.0
Amazon Shopping,2019-06-26,2.0
Amazon Shopping,2019-06-27,1.0
Amazon Shopping,2019-06-28,1.0
Amazon Shopping,2019-06-29,7.0
Amazon Shopping,2019-07-01,3.0
Amazon Shopping,2019-07-02,3.0
Amazon Shopping,2019-07-03,18.0
Amazon Shopping,2019-07-04,1.0
Amazon Shopping,2019-07-05,7.0
Amazon Shopping,2019-07-06,3.0
Amazon Shopping,2019-07-12,7.0
Amazon Shopping,2019-07-13,3.0
Amazon Shopping,2019-07-15,7.0
Amazon Shopping,2019-07-16,7.0
Amazon Shopping,2019-07-17,5.0
Amazon Shopping,2019-07-18,21.0
Amazon Shopping,2019-07-20,5.0
Amazon Shopping,2019-07-21,4.0
Amazon Shopping,2019-07-22,6.0
Amazon Shopping,2019-07-24,8.0
Amazon Shopping,2019-07-26,6.0
Amazon Shopping,2019-07-30,1.0
Amazon Shopping,2019-07-31,4.0
Amazon Shopping,2019-08-03,1.0
Amazon Shopping,2019-08-05,24.0
Amazon Shopping,2019-08-06,5.0
Amazon Shopping,2019-08-07,4.0
Amazon Shopping,2019-08-08,17.0
Amazon Shopping,2019-08-09,8.0
Amazon Shopping,2019-08-10,1.0
Amazon Shopping,2019-08-11,10.0
Amazon Shopping,2019-08-13,2.0
Amazon Shopping,2019-08-14,9.0
Amazon Shopping,2019-08-15,8.0
Amazon Shopping,2019-08-16,2.0
Amazon Shopping,2019-08-17,1.0
Amazon Shopping,2019-08-20,4.0
Amazon Shopping,2019-08-21,1.0
Amazon Shopping,2019-08-22,8.0
Amazon Shopping,2019-08-24,7.0
Amazon Shopping,2019-08-25,7.0
Amazon Shopping,2019-08-26,6.0
Amazon Shopping,2019-08-27,7.0
Amazon Shopping,2019-08-29,1.0
Amazon Shopping,2019-09-02,11.0
Amazon Shopping,2019-09-03,2.0
Amazon Shopping,2019-09-04,6.0
Amazon Shopping,2019-09-05,2.0
Amazon Shopping,2019-09-09,1.0
Amazon Shopping,2019-09-15,9.0
Amazon Shopping,2019-09-17,3.0
Amazon Shopping,2019-09-18,1.0
Amazon Shopping,2019-09-20,2.0
Amazon Shopping,2019-09-21,3.0
Amazon Shopping,2019-09-23,7.0
Amazon Shopping,2019-09-24,2.0
Amazon Shopping,2019-09-25,2.0
Amazon Shopping,2019-09-26,14.0
Amazon Shopping,2019-09-28,2.0
Amazon Shopping,2019-09-29,9.0
Amazon Shopping,2019-09-30,3.0
Amazon Shopping,2019-10-01,6.0
Amazon Shopping,2019-10-02,13.0
Amazon Shopping,2019-10-03,9.0
Amazon Shopping,2019-10-04,4.0
Amazon Shopping,2019-10-07,6.0
Amazon Shopping,2019-10-09,2.0
Amazon Shopping,2019-10-11,2.0
Amazon Shopping,2019-10-12,1.0
Amazon Shopping,2019-10-13,1.0
Amazon Shopping,2019-10-14,7.0
Amazon Shopping,2019-10-15,9.0
Amazon Shopping,2019-10-16,2.0
Amazon Shopping,2019-10-17,2.0
Amazon Shopping,2019-10-18,8.0
Amazon Shopping,2019-10-21,13.0
Amazon Shopping,2019-10-25,3.0
Amazon Shopping,2019-10-26,12.0
Amazon Shopping,2019-10-27,4.0
Amazon Shopping,2019-10-28,3.0
Amazon Shopping,2019-10-29,14.0
Amazon Shopping,2019-10-30,5.0
Amazon Shopping,2019-11-01,1.0
Amazon Shopping,2019-11-04,2.0
Amazon Shopping,2019-11-05,2.0
Amazon Shopping,2019-11-08,10.0
Amazon Shopping,2019-11-11,2.0
Amazon Shopping,2019-11-13,3.0
Amazon Shopping,2019-11-15,3.0
Amazon Shopping,2019-11-17,2.0
Amazon Shopping,2019-11-18,1.0
Amazon Shopping,2019-11-23,5.0
Amazon Shopping,2019-11-24,3.0
Audible,2019-09-28,4.0
Audible,2019-09-29,2.0
Audible,2019-10-04,1.0
Audible,2019-10-07,1.0
Audible,2019-10-15,1.0
Audible,2019-11-17,6.0
B612,2019-06-09,1.0
BOMBitUP,2019-06-12,2.0
BlaBlaCar,2019-08-09,13.0
BlaBlaCar,2019-08-12,5.0
BlaBlaCar,2019-08-15,2.0
BlaBlaCar,2019-08-21,2.0
BookMyShow,2019-06-08,12.0
Calculator,2019-07-03,3.0
Calculator,2019-07-06,1.0
Calculator,2019-07-12,1.0
Calculator,2019-09-22,1.0
Calculator,2019-10-21,5.0
Calculator,2019-11-14,3.0
Calendar,2019-06-14,1.0
Calendar,2019-06-19,2.0
Calendar,2019-06-30,1.0
Calendar,2019-07-01,2.0
Calendar,2019-08-26,2.0
Calendar,2019-08-31,1.0
Calendar,2019-10-03,1.0
Calendar,2019-11-01,1.0
Call of Duty,2019-05-17,5.0
Call of Duty,2019-05-18,36.0
Call of Duty,2019-05-19,85.0
Call of Duty,2019-05-20,2.0
Call of Duty,2019-05-21,39.0
Call of Duty,2019-05-22,124.0
Call of Duty,2019-05-23,43.0
Call of Duty,2019-05-24,159.0
Call of Duty,2019-05-25,52.0
Call of Duty,2019-05-26,134.0
Call of Duty,2019-05-27,132.0
Call of Duty,2019-05-28,94.0
Call of Duty,2019-05-29,71.0
Call of Duty,2019-05-30,172.0
Call of Duty,2019-05-31,126.0
Call of Duty,2019-06-01,85.0
Call of Duty,2019-06-02,133.0
Call of Duty,2019-06-03,65.0
Call of Duty,2019-06-04,62.0
Call of Duty,2019-06-05,120.0
Call of Duty,2019-06-06,6.0
Call of Duty,2019-06-07,1.0
Call of Duty,2019-06-11,10.0
Call of Duty,2019-06-12,2.0
Call of Duty,2019-06-19,75.0
Call of Duty,2019-06-21,53.0
Call of Duty,2019-06-22,53.0
Call of Duty,2019-06-23,50.0
Call of Duty,2019-06-24,25.0
Call of Duty,2019-06-25,34.0
Call of Duty,2019-06-26,38.0
Call of Duty,2019-06-27,17.0
Call of Duty,2019-06-29,61.0
Call of Duty,2019-07-02,40.0
Call of Duty,2019-07-03,1.0
Call of Duty,2019-07-06,4.0
Call of Duty,2019-07-07,2.0
Call of Duty,2019-07-18,23.0
Call of Duty,2019-07-27,1.0
Call of Duty,2019-08-10,32.0
Call of Duty,2019-08-11,31.0
Call of Duty,2019-08-16,2.0
Call of Duty,2019-08-17,1.0
Call of Duty,2019-08-18,1.0
Call of Duty,2019-08-22,12.0
Call of Duty,2019-08-23,11.0
Call of Duty,2019-08-24,9.0
Call of Duty,2019-09-21,18.0
Call of Duty,2019-09-28,1.0
Call of Duty,2019-09-29,3.0
Call of Duty,2019-10-01,15.0
Call of Duty,2019-10-02,50.0
Call of Duty,2019-10-03,27.0
Call of Duty,2019-10-05,151.0
Call of Duty,2019-10-06,148.0
Call of Duty,2019-10-07,157.0
Call of Duty,2019-10-08,77.0
Call of Duty,2019-10-09,49.0
Call of Duty,2019-10-10,23.0
Call of Duty,2019-10-11,59.0
Call of Duty,2019-10-12,94.0
Call of Duty,2019-10-13,54.0
Call of Duty,2019-10-14,38.0
Call of Duty,2019-10-15,43.0
Call of Duty,2019-10-16,108.0
Call of Duty,2019-10-17,74.0
Call of Duty,2019-10-21,54.0
Call of Duty,2019-10-22,13.0
Call of Duty,2019-10-23,100.0
Call of Duty,2019-10-24,104.0
Call of Duty,2019-10-25,153.0
Call of Duty,2019-10-26,52.0
Call of Duty,2019-10-27,47.0
Call of Duty,2019-10-28,17.0
Call of Duty,2019-10-29,4.0
Call of Duty,2019-10-30,24.0
Call of Duty,2019-10-31,40.0
Call of Duty,2019-11-01,50.0
Call of Duty,2019-11-02,53.0
Call of Duty,2019-11-03,62.0
Call of Duty,2019-11-04,35.0
Call of Duty,2019-11-05,58.0
Call of Duty,2019-11-06,17.0
Call of Duty,2019-11-07,14.0
Call of Duty,2019-11-08,27.0
Call of Duty,2019-11-09,79.0
Call of Duty,2019-11-10,66.0
Call of Duty,2019-11-11,23.0
Call of Duty,2019-11-12,52.0
Call of Duty,2019-11-13,47.0
Call of Duty,2019-11-14,34.0
Call of Duty,2019-11-15,9.0
Call of Duty,2019-11-16,21.0
Call of Duty,2019-11-18,60.0
Call of Duty,2019-11-19,21.0
Call of Duty,2019-11-20,34.0
Call of Duty,2019-11-21,43.0
Call of Duty,2019-11-22,48.0
Call of Duty,2019-11-23,24.0
Call of Duty,2019-11-24,5.0
Call of Duty,2019-11-25,1.0
Call of Duty,2019-11-26,6.0
Camera,2019-06-02,4.0
Camera,2019-06-09,1.0
Camera,2019-06-14,4.0
Camera,2019-06-19,1.0
Camera,2019-06-22,1.0
Camera,2019-06-26,3.0
Camera,2019-07-01,7.0
Camera,2019-08-04,4.0
Camera,2019-08-11,1.0
Camera,2019-08-26,1.0
Camera,2019-08-28,4.0
Camera,2019-08-29,1.0
Camera,2019-09-01,3.0
Camera,2019-09-06,2.0
Camera,2019-09-08,1.0
Camera,2019-09-09,1.0
Camera,2019-09-10,2.0
Camera,2019-09-13,1.0
Camera,2019-09-15,6.0
Camera,2019-09-22,1.0
Camera,2019-09-26,1.0
Camera,2019-09-27,4.0
Camera,2019-09-29,1.0
Camera,2019-10-18,1.0
Camera,2019-10-21,2.0
Camera,2019-10-27,1.0
Camera,2019-11-25,2.0
Canva,2019-07-03,4.0
Canva,2019-07-07,2.0
Canva,2019-07-09,4.0
Canva,2019-08-04,4.0
Canva,2019-09-30,3.0
Canva,2019-10-01,7.0
Chrome,2019-05-18,1.0
Chrome,2019-05-22,5.0
Chrome,2019-05-23,1.0
Chrome,2019-05-24,6.0
Chrome,2019-05-25,5.0
Chrome,2019-05-26,5.0
Chrome,2019-05-28,2.0
Chrome,2019-05-29,1.0
Chrome,2019-05-30,4.0
Chrome,2019-05-31,2.0
Chrome,2019-06-01,7.0
Chrome,2019-06-03,9.0
Chrome,2019-06-04,25.0
Chrome,2019-06-05,1.0
Chrome,2019-06-06,5.0
Chrome,2019-06-07,2.0
Chrome,2019-06-08,8.0
Chrome,2019-06-09,19.0
Chrome,2019-06-11,3.0
Chrome,2019-06-12,1.0
Chrome,2019-06-13,10.0
Chrome,2019-06-14,4.0
Chrome,2019-06-15,32.0
Chrome,2019-06-16,27.0
Chrome,2019-06-17,6.0
Chrome,2019-06-18,1.0
Chrome,2019-06-19,2.0
Chrome,2019-06-20,4.0
Chrome,2019-06-21,7.0
Chrome,2019-06-22,1.0
Chrome,2019-06-23,7.0
Chrome,2019-06-25,9.0
Chrome,2019-06-26,1.0
Chrome,2019-06-27,4.0
Chrome,2019-06-28,13.0
Chrome,2019-06-29,7.0
Chrome,2019-06-30,30.0
Chrome,2019-07-02,48.0
Chrome,2019-07-03,25.0
Chrome,2019-07-04,14.0
Chrome,2019-07-05,5.0
Chrome,2019-07-06,9.0
Chrome,2019-07-07,3.0
Chrome,2019-07-09,6.0
Chrome,2019-07-10,56.0
Chrome,2019-07-11,7.0
Chrome,2019-07-13,13.0
Chrome,2019-07-14,5.0
Chrome,2019-07-15,1.0
Chrome,2019-07-18,5.0
Chrome,2019-07-19,2.0
Chrome,2019-07-20,2.0
Chrome,2019-07-21,3.0
Chrome,2019-07-23,2.0
Chrome,2019-07-24,1.0
Chrome,2019-07-25,5.0
Chrome,2019-07-27,1.0
Chrome,2019-07-28,1.0
Chrome,2019-07-29,1.0
Chrome,2019-07-30,22.0
Chrome,2019-07-31,1.0
Chrome,2019-08-01,4.0
Chrome,2019-08-02,2.0
Chrome,2019-08-03,1.0
Chrome,2019-08-04,20.0
Chrome,2019-08-05,3.0
Chrome,2019-08-06,4.0
Chrome,2019-08-07,3.0
Chrome,2019-08-08,6.0
Chrome,2019-08-09,13.0
Chrome,2019-08-13,10.0
Chrome,2019-08-14,3.0
Chrome,2019-08-15,10.0
Chrome,2019-08-16,4.0
Chrome,2019-08-18,9.0
Chrome,2019-08-21,2.0
Chrome,2019-08-22,6.0
Chrome,2019-08-23,9.0
Chrome,2019-08-24,2.0
Chrome,2019-08-25,7.0
Chrome,2019-08-26,3.0
Chrome,2019-08-27,5.0
Chrome,2019-08-29,8.0
Chrome,2019-08-30,2.0
Chrome,2019-08-31,6.0
Chrome,2019-09-01,7.0
Chrome,2019-09-02,3.0
Chrome,2019-09-03,1.0
Chrome,2019-09-04,3.0
Chrome,2019-09-06,12.0
Chrome,2019-09-07,2.0
Chrome,2019-09-08,4.0
Chrome,2019-09-09,1.0
Chrome,2019-09-13,12.0
Chrome,2019-09-14,2.0
Chrome,2019-09-15,14.0
Chrome,2019-09-17,10.0
Chrome,2019-09-18,4.0
Chrome,2019-09-20,19.0
Chrome,2019-09-21,5.0
Chrome,2019-09-22,6.0
Chrome,2019-09-23,1.0
Chrome,2019-09-24,2.0
Chrome,2019-09-25,3.0
Chrome,2019-09-26,3.0
Chrome,2019-09-27,9.0
Chrome,2019-09-28,2.0
Chrome,2019-09-29,12.0
Chrome,2019-09-30,4.0
Chrome,2019-10-01,36.0
Chrome,2019-10-02,14.0
Chrome,2019-10-03,21.0
Chrome,2019-10-04,11.0
Chrome,2019-10-05,1.0
Chrome,2019-10-06,10.0
Chrome,2019-10-07,1.0
Chrome,2019-10-09,9.0
Chrome,2019-10-10,10.0
Chrome,2019-10-11,6.0
Chrome,2019-10-12,10.0
Chrome,2019-10-13,4.0
Chrome,2019-10-14,8.0
Chrome,2019-10-15,15.0
Chrome,2019-10-17,3.0
Chrome,2019-10-21,6.0
Chrome,2019-10-22,3.0
Chrome,2019-10-23,4.0
Chrome,2019-10-24,8.0
Chrome,2019-10-26,2.0
Chrome,2019-10-29,2.0
Chrome,2019-10-30,1.0
Chrome,2019-10-31,6.0
Chrome,2019-11-03,1.0
Chrome,2019-11-04,3.0
Chrome,2019-11-05,18.0
Chrome,2019-11-06,1.0
Chrome,2019-11-09,4.0
Chrome,2019-11-10,2.0
Chrome,2019-11-13,2.0
Chrome,2019-11-14,1.0
Chrome,2019-11-15,1.0
Chrome,2019-11-17,1.0
Chrome,2019-11-18,4.0
Chrome,2019-11-19,10.0
Chrome,2019-11-22,2.0
Chrome,2019-11-23,6.0
Clock,2019-05-20,6.0
Clock,2019-06-05,2.0
Clock,2019-06-18,6.0
Clock,2019-06-24,2.0
Clock,2019-07-08,2.0
Clock,2019-07-31,1.0
Clock,2019-08-03,5.0
Clock,2019-08-24,2.0
Clock,2019-09-30,1.0
Clock,2019-11-16,4.0
Clock,2019-11-20,2.0
Clock,2019-11-21,2.0
Contacts,2019-07-20,9.0
Contacts,2019-08-08,16.0
Contacts,2019-08-15,4.0
Contacts,2019-09-08,3.0
Crossword,2019-09-09,11.0
Crossword,2019-09-11,13.0
Crossword,2019-09-12,8.0
Deepstash,2019-10-15,2.0
Device boot,2019-05-27,1.0
Device boot,2019-06-14,238.0
Device boot,2019-06-22,203.0
Device boot,2019-07-02,193.0
Device maintenance,2019-06-12,2.0
Device maintenance,2019-07-08,1.0
Device maintenance,2019-09-06,2.0
Device shutdown,2019-05-18,1.0
Device shutdown,2019-05-19,2.0
Device shutdown,2019-05-20,3.0
Device shutdown,2019-05-21,3.0
Device shutdown,2019-05-22,2.0
Device shutdown,2019-05-23,1.0
Device shutdown,2019-05-24,2.0
Device shutdown,2019-05-25,292.0
Device shutdown,2019-05-26,1.0
Device shutdown,2019-05-27,4.0
Device shutdown,2019-05-28,1.0
Device shutdown,2019-05-29,4.0
Device shutdown,2019-05-30,5.0
Device shutdown,2019-05-31,3.0
Device shutdown,2019-06-01,17.0
Device shutdown,2019-06-02,4.0
Device shutdown,2019-06-04,2.0
Device shutdown,2019-06-05,4.0
Device shutdown,2019-06-07,4.0
Device shutdown,2019-06-08,4.0
Device shutdown,2019-06-10,2.0
Device shutdown,2019-06-11,2.0
Device shutdown,2019-06-12,2.0
Device shutdown,2019-06-14,8.0
Device shutdown,2019-06-15,2.0
Device shutdown,2019-06-16,4.0
Device shutdown,2019-06-17,3.0
Device shutdown,2019-06-18,4.0
Device shutdown,2019-06-19,2.0
Device shutdown,2019-06-20,3.0
Device shutdown,2019-06-22,11.0
Device shutdown,2019-06-23,2.0
Device shutdown,2019-06-24,2.0
Device shutdown,2019-06-25,2.0
Device shutdown,2019-06-26,2.0
Device shutdown,2019-06-27,6.0
Device shutdown,2019-06-29,2.0
Device shutdown,2019-06-30,2.0
Device shutdown,2019-07-01,3.0
Device shutdown,2019-07-02,8.0
Device shutdown,2019-07-04,395.0
Device shutdown,2019-07-17,2.0
Device shutdown,2019-07-21,48.0
Device shutdown,2019-08-17,2.0
Device shutdown,2019-08-23,3.0
Device shutdown,2019-09-05,2.0
Device shutdown,2019-09-29,3.0
Device shutdown,2019-10-08,2.0
Device shutdown,2019-10-18,367.0
Device shutdown,2019-10-19,136.0
Device shutdown,2019-11-12,2.0
Digital wellbeing,2019-06-05,2.0
Digital wellbeing,2019-06-06,2.0
Digital wellbeing,2019-06-09,2.0
Digital wellbeing,2019-06-13,2.0
Digital wellbeing,2019-07-18,1.0
Digital wellbeing,2019-10-09,2.0
Digital wellbeing,2019-10-26,2.0
Digital wellbeing,2019-10-29,2.0
Digital wellbeing,2019-11-12,3.0
Digital wellbeing,2019-11-25,1.0
Drive,2019-06-14,18.0
Drive,2019-06-19,5.0
Drive,2019-07-03,2.0
Drive,2019-07-05,3.0
Drive,2019-07-12,10.0
Drive,2019-07-13,4.0
Drive,2019-07-14,7.0
Drive,2019-07-30,2.0
Drive,2019-08-17,2.0
Drive,2019-09-03,1.0
Drive,2019-09-25,8.0
Drive,2019-10-03,1.0
Drive,2019-10-10,2.0
Drive,2019-10-28,2.0
Drive,2019-11-08,12.0
Drive,2019-11-11,35.0
Drive,2019-11-12,9.0
Drive,2019-11-13,5.0
Drive,2019-11-14,10.0
Duolingo,2019-06-06,3.0
Duolingo,2019-10-10,11.0
Duolingo,2019-10-12,11.0
Duolingo,2019-10-14,14.0
Duolingo,2019-10-15,17.0
Duolingo,2019-10-16,16.0
Duolingo,2019-10-17,20.0
Duolingo,2019-10-24,16.0
Duolingo,2019-10-25,13.0
Duolingo,2019-10-26,7.0
Duolingo,2019-10-27,3.0
Duolingo,2019-10-28,12.0
Duolingo,2019-10-29,17.0
Duolingo,2019-10-30,13.0
Duolingo,2019-10-31,29.0
Duolingo,2019-11-01,14.0
Duolingo,2019-11-02,7.0
Duolingo,2019-11-03,9.0
Duolingo,2019-11-04,2.0
Duolingo,2019-11-05,6.0
Duolingo,2019-11-06,3.0
Duolingo,2019-11-07,4.0
Duolingo,2019-11-08,24.0
Duolingo,2019-11-09,3.0
Duolingo,2019-11-10,15.0
Duolingo,2019-11-11,6.0
Duolingo,2019-11-12,3.0
Duolingo,2019-11-13,5.0
Duolingo,2019-11-14,14.0
Duolingo,2019-11-15,3.0
Duolingo,2019-11-16,2.0
Duolingo,2019-11-18,6.0
Duolingo,2019-11-19,19.0
Duolingo,2019-11-20,8.0
Duolingo,2019-11-21,28.0
Duolingo,2019-11-22,7.0
Duolingo,2019-11-23,9.0
Duolingo,2019-11-24,8.0
Duolingo,2019-11-25,11.0
Duolingo,2019-11-26,4.0
English Templates,2019-06-24,9.0
Evernote,2019-06-07,2.0
Evernote,2019-07-01,11.0
Evernote,2019-09-21,2.0
Flipkart,2019-08-16,6.0
Flipkart,2019-08-17,14.0
Flipkart,2019-08-19,5.0
Flipkart,2019-08-20,11.0
Flipkart,2019-08-21,20.0
Flipkart,2019-09-20,7.0
Flipkart,2019-09-24,22.0
Flipkart,2019-09-25,3.0
Flipkart,2019-09-26,6.0
Flipkart,2019-09-28,21.0
Flipkart,2019-09-29,15.0
Flipkart,2019-09-30,12.0
Flipkart,2019-10-14,8.0
Flipkart,2019-10-15,3.0
Flipkart,2019-10-17,1.0
Flipkart,2019-11-10,1.0
Flipkart,2019-11-11,6.0
Flipkart,2019-11-12,13.0
Flipkart,2019-11-13,4.0
Flipkart,2019-11-14,5.0
Flipkart,2019-11-15,4.0
Flipkart,2019-11-19,6.0
Flud,2019-06-23,2.0
Flud,2019-07-21,33.0
Flud,2019-07-27,1.0
Flud,2019-08-02,10.0
Galaxy Diagnostics,2019-05-21,6.0
Galaxy Store,2019-06-14,1.0
Galaxy Store,2019-09-06,5.0
Galaxy Store,2019-09-18,3.0
Galaxy Store,2019-09-24,1.0
Galaxy Store,2019-09-28,1.0
Galaxy Store,2019-10-08,1.0
Galaxy Store,2019-10-23,3.0
Galaxy Store,2019-11-12,2.0
Galaxy Store,2019-11-19,3.0
Galaxy Themes,2019-05-17,3.0
Galaxy Themes,2019-10-16,1.0
Gallery,2019-05-17,1.0
Gallery,2019-05-18,3.0
Gallery,2019-05-19,8.0
Gallery,2019-05-21,3.0
Gallery,2019-05-22,2.0
Gallery,2019-05-23,1.0
Gallery,2019-05-26,1.0
Gallery,2019-05-27,4.0
Gallery,2019-05-30,3.0
Gallery,2019-06-01,2.0
Gallery,2019-06-02,1.0
Gallery,2019-06-04,2.0
Gallery,2019-06-05,1.0
Gallery,2019-06-06,6.0
Gallery,2019-06-17,3.0
Gallery,2019-06-26,1.0
Gallery,2019-06-29,1.0
Gallery,2019-06-30,7.0
Gallery,2019-07-01,3.0
Gallery,2019-07-02,2.0
Gallery,2019-07-03,4.0
Gallery,2019-07-04,3.0
Gallery,2019-07-06,7.0
Gallery,2019-07-07,8.0
Gallery,2019-07-08,8.0
Gallery,2019-07-09,1.0
Gallery,2019-07-14,8.0
Gallery,2019-07-16,4.0
Gallery,2019-07-19,2.0
Gallery,2019-07-20,1.0
Gallery,2019-07-27,1.0
Gallery,2019-07-31,2.0
Gallery,2019-08-04,1.0
Gallery,2019-08-09,3.0
Gallery,2019-08-13,2.0
Gallery,2019-08-15,2.0
Gallery,2019-08-19,4.0
Gallery,2019-08-24,1.0
Gallery,2019-08-26,1.0
Gallery,2019-08-27,5.0
Gallery,2019-08-30,9.0
Gallery,2019-08-31,1.0
Gallery,2019-09-01,5.0
Gallery,2019-09-02,1.0
Gallery,2019-09-03,4.0
Gallery,2019-09-05,3.0
Gallery,2019-09-09,1.0
Gallery,2019-09-12,6.0
Gallery,2019-09-13,2.0
Gallery,2019-09-16,3.0
Gallery,2019-09-18,2.0
Gallery,2019-09-22,2.0
Gallery,2019-09-25,3.0
Gallery,2019-09-26,1.0
Gallery,2019-09-30,2.0
Gallery,2019-10-02,1.0
Gallery,2019-10-03,6.0
Gallery,2019-10-18,1.0
Gallery,2019-10-29,1.0
Gallery,2019-11-10,1.0
Gallery,2019-11-12,5.0
Gallery,2019-11-15,2.0
Gallery,2019-11-21,2.0
Game Launcher,2019-10-31,3.0
Gmail,2019-05-28,2.0
Gmail,2019-05-30,2.0
Gmail,2019-07-02,4.0
Gmail,2019-07-17,2.0
Gmail,2019-07-20,2.0
Gmail,2019-09-08,1.0
Gmail,2019-09-16,2.0
Gmail,2019-10-02,2.0
Gmail,2019-10-14,1.0
Gmail,2019-10-20,1.0
Gmail,2019-11-07,1.0
Gmail,2019-11-13,1.0
Gmail,2019-11-18,4.0
Gmail,2019-11-26,1.0
Goodreads,2019-05-22,1.0
Goodreads,2019-05-30,2.0
Goodreads,2019-06-01,2.0
Goodreads,2019-06-04,3.0
Goodreads,2019-06-07,1.0
Goodreads,2019-06-11,3.0
Goodreads,2019-06-14,4.0
Goodreads,2019-06-19,11.0
Goodreads,2019-06-21,1.0
Goodreads,2019-06-24,1.0
Goodreads,2019-06-25,1.0
Goodreads,2019-06-29,2.0
Goodreads,2019-07-01,3.0
Goodreads,2019-07-02,1.0
Goodreads,2019-07-04,3.0
Goodreads,2019-07-05,13.0
Goodreads,2019-07-06,3.0
Goodreads,2019-07-10,1.0
Goodreads,2019-07-11,2.0
Goodreads,2019-07-12,1.0
Goodreads,2019-07-16,1.0
Goodreads,2019-07-17,12.0
Goodreads,2019-07-19,3.0
Goodreads,2019-07-20,5.0
Goodreads,2019-07-21,3.0
Goodreads,2019-07-25,4.0
Goodreads,2019-07-28,7.0
Goodreads,2019-07-29,8.0
Goodreads,2019-07-30,3.0
Goodreads,2019-08-02,3.0
Goodreads,2019-08-03,2.0
Goodreads,2019-08-08,2.0
Goodreads,2019-08-13,3.0
Goodreads,2019-08-15,16.0
Goodreads,2019-08-16,5.0
Goodreads,2019-08-20,2.0
Goodreads,2019-08-21,12.0
Goodreads,2019-08-24,2.0
Goodreads,2019-08-25,1.0
Goodreads,2019-08-26,2.0
Goodreads,2019-08-27,2.0
Goodreads,2019-08-28,4.0
Goodreads,2019-08-29,5.0
Goodreads,2019-09-03,2.0
Goodreads,2019-09-04,3.0
Goodreads,2019-09-07,7.0
Goodreads,2019-09-09,3.0
Goodreads,2019-09-15,5.0
Goodreads,2019-09-17,1.0
Goodreads,2019-09-20,3.0
Goodreads,2019-09-22,12.0
Goodreads,2019-09-23,1.0
Goodreads,2019-09-24,8.0
Goodreads,2019-09-26,3.0
Goodreads,2019-09-27,3.0
Goodreads,2019-09-29,3.0
Goodreads,2019-09-30,2.0
Goodreads,2019-10-01,2.0
Goodreads,2019-10-02,2.0
Goodreads,2019-10-03,7.0
Goodreads,2019-10-04,1.0
Goodreads,2019-10-06,2.0
Goodreads,2019-10-07,3.0
Goodreads,2019-10-17,2.0
Goodreads,2019-10-21,1.0
Goodreads,2019-10-23,2.0
Goodreads,2019-10-28,1.0
Goodreads,2019-10-29,1.0
Goodreads,2019-10-30,1.0
Goodreads,2019-10-31,2.0
Goodreads,2019-11-02,2.0
Goodreads,2019-11-07,2.0
Goodreads,2019-11-12,2.0
Goodreads,2019-11-13,2.0
Goodreads,2019-11-17,4.0
Goodreads,2019-11-19,2.0
Goodreads,2019-11-20,13.0
Goodreads,2019-11-22,1.0
Goodreads,2019-11-23,2.0
Goodreads,2019-11-25,1.0
Google,2019-05-17,1.0
Google,2019-06-07,2.0
Google,2019-06-08,11.0
Google,2019-06-10,2.0
Google,2019-06-19,1.0
Google,2019-06-30,4.0
Google,2019-07-30,2.0
Google,2019-09-28,3.0
Google,2019-09-30,1.0
Google,2019-10-07,1.0
Google,2019-10-17,4.0
Google Pay,2019-05-31,1.0
Google Pay,2019-06-01,3.0
Google Pay,2019-06-03,2.0
Google Pay,2019-06-04,1.0
Google Pay,2019-06-07,1.0
Google Pay,2019-06-10,1.0
Google Pay,2019-06-13,1.0
Google Pay,2019-06-28,10.0
Google Pay,2019-06-30,67.0
Google Pay,2019-07-01,43.0
Google Pay,2019-07-02,1.0
Google Pay,2019-07-05,3.0
Google Pay,2019-07-16,2.0
Google Pay,2019-07-19,2.0
Google Pay,2019-07-23,2.0
Google Pay,2019-08-01,2.0
Google Pay,2019-08-02,4.0
Google Pay,2019-08-05,1.0
Google Pay,2019-08-06,3.0
Google Pay,2019-08-13,2.0
Google Pay,2019-08-15,4.0
Google Pay,2019-08-18,1.0
Google Pay,2019-08-20,1.0
Google Pay,2019-08-25,1.0
Google Pay,2019-08-31,2.0
Google Pay,2019-09-01,2.0
Google Pay,2019-09-02,6.0
Google Pay,2019-09-04,1.0
Google Pay,2019-09-05,1.0
Google Pay,2019-09-17,2.0
Google Pay,2019-09-20,1.0
Google Pay,2019-10-01,3.0
Google Pay,2019-10-08,6.0
Google Pay,2019-10-09,2.0
Google Pay,2019-10-30,2.0
Google Pay,2019-11-02,1.0
Google Pay,2019-11-12,2.0
Google Pay,2019-11-20,1.0
Google Play Store,2019-05-17,5.0
Google Play Store,2019-06-03,4.0
Google Play Store,2019-06-04,2.0
Google Play Store,2019-06-11,2.0
Google Play Store,2019-06-18,2.0
Google Play Store,2019-06-20,2.0
Google Play Store,2019-06-22,2.0
Google Play Store,2019-06-27,1.0
Google Play Store,2019-07-03,3.0
Google Play Store,2019-07-07,2.0
Google Play Store,2019-07-08,1.0
Google Play Store,2019-07-12,1.0
Google Play Store,2019-07-17,8.0
Google Play Store,2019-07-18,3.0
Google Play Store,2019-07-20,2.0
Google Play Store,2019-08-03,2.0
Google Play Store,2019-08-09,2.0
Google Play Store,2019-08-13,1.0
Google Play Store,2019-08-14,1.0
Google Play Store,2019-08-15,6.0
Google Play Store,2019-08-16,2.0
Google Play Store,2019-08-19,1.0
Google Play Store,2019-08-25,1.0
Google Play Store,2019-08-28,3.0
Google Play Store,2019-08-30,1.0
Google Play Store,2019-09-01,1.0
Google Play Store,2019-09-05,1.0
Google Play Store,2019-09-14,1.0
Google Play Store,2019-09-17,2.0
Google Play Store,2019-09-18,2.0
Google Play Store,2019-09-23,1.0
Google Play Store,2019-09-27,1.0
Google Play Store,2019-09-28,5.0
Google Play Store,2019-10-06,3.0
Google Play Store,2019-10-07,1.0
Google Play Store,2019-10-09,1.0
Google Play Store,2019-10-10,5.0
Google Play Store,2019-10-15,3.0
Google Play Store,2019-10-17,1.0
Google Play Store,2019-10-21,1.0
Google Play Store,2019-10-24,1.0
Google Play Store,2019-10-29,3.0
Google Play Store,2019-10-31,1.0
Google Play Store,2019-11-02,1.0
Google Play Store,2019-11-05,3.0
Google Play Store,2019-11-07,2.0
Google Play Store,2019-11-10,2.0
Google Play Store,2019-11-17,2.0
Google Play Store,2019-11-19,2.0
Google Play Store,2019-11-20,3.0
Google Play Store,2019-11-23,3.0
Google Play Store,2019-11-24,10.0
Google Play Store,2019-11-25,3.0
Google Play Store,2019-11-26,8.0
Google Play services,2019-10-10,1.0
Google Spotlight Stories,2019-09-07,1.0
Hotstar,2019-05-18,1.0
Hotstar,2019-05-20,71.0
Hotstar,2019-05-30,6.0
Hotstar,2019-05-31,5.0
Hotstar,2019-06-01,7.0
Hotstar,2019-06-05,42.0
Hotstar,2019-06-08,4.0
Hotstar,2019-06-09,8.0
Hotstar,2019-06-12,9.0
Hotstar,2019-06-14,9.0
Hotstar,2019-06-16,43.0
Hotstar,2019-06-20,9.0
Hotstar,2019-06-22,30.0
Hotstar,2019-06-25,2.0
Hotstar,2019-06-26,13.0
Hotstar,2019-06-27,215.0
Hotstar,2019-06-28,3.0
Hotstar,2019-06-30,6.0
Hotstar,2019-07-06,5.0
Hotstar,2019-07-07,15.0
Hotstar,2019-07-09,5.0
Hotstar,2019-07-10,29.0
Hotstar,2019-07-14,24.0
Hotstar,2019-08-01,1.0
Hotstar,2019-09-18,10.0
Hotstar,2019-09-22,10.0
Hotstar,2019-10-03,54.0
Hotstar,2019-10-04,14.0
Hotstar,2019-10-06,27.0
Hotstar,2019-10-10,10.0
Hotstar,2019-10-11,16.0
Hotstar,2019-10-12,29.0
Hotstar,2019-10-13,20.0
Hotstar,2019-10-21,8.0
Hotstar,2019-11-03,53.0
Hotstar,2019-11-07,42.0
Hotstar,2019-11-10,31.0
Hotstar,2019-11-14,10.0
Hotstar,2019-11-15,16.0
Hotstar,2019-11-16,45.0
Hotstar,2019-11-22,13.0
Hotstar,2019-11-23,57.0
Hotstar,2019-11-24,6.0
Hotstar,2019-11-25,1.0
IOBMobile,2019-05-24,1.0
IOBMobile,2019-08-01,1.0
IOBMobile,2019-08-06,1.0
IOBMobile,2019-09-15,2.0
IOBMobile,2019-10-09,3.0
IOBMobile,2019-10-21,2.0
IndPay,2019-05-24,4.0
IndPay,2019-06-01,2.0
IndPay,2019-06-04,1.0
IndPay,2019-06-05,3.0
IndPay,2019-06-07,2.0
IndPay,2019-06-08,1.0
IndPay,2019-06-13,2.0
IndPay,2019-06-21,4.0
IndPay,2019-06-28,1.0
IndPay,2019-07-01,2.0
IndPay,2019-07-04,1.0
IndPay,2019-07-06,2.0
IndPay,2019-07-22,4.0
IndPay,2019-07-24,2.0
IndPay,2019-07-28,2.0
IndPay,2019-07-29,2.0
IndPay,2019-07-30,2.0
IndPay,2019-08-04,2.0
IndPay,2019-08-06,5.0
IndPay,2019-08-09,2.0
IndPay,2019-08-15,2.0
IndPay,2019-08-24,2.0
IndPay,2019-09-02,4.0
IndPay,2019-09-04,2.0
IndPay,2019-11-12,1.0
Instagram,2019-05-17,31.0
Instagram,2019-05-18,86.0
Instagram,2019-05-19,68.0
Instagram,2019-05-20,38.0
Instagram,2019-05-21,22.0
Instagram,2019-05-22,146.0
Instagram,2019-05-23,180.0
Instagram,2019-05-24,66.0
Instagram,2019-05-25,58.0
Instagram,2019-05-26,95.0
Instagram,2019-05-27,80.0
Instagram,2019-05-28,79.0
Instagram,2019-05-29,106.0
Instagram,2019-05-30,104.0
Instagram,2019-05-31,70.0
Instagram,2019-06-01,75.0
Instagram,2019-06-02,55.0
Instagram,2019-06-03,31.0
Instagram,2019-06-04,74.0
Instagram,2019-06-05,119.0
Instagram,2019-06-06,148.0
Instagram,2019-06-07,116.0
Instagram,2019-06-08,105.0
Instagram,2019-06-09,57.0
Instagram,2019-06-10,118.0
Instagram,2019-06-11,119.0
Instagram,2019-06-12,117.0
Instagram,2019-06-13,115.0
Instagram,2019-06-14,57.0
Instagram,2019-06-15,44.0
Instagram,2019-06-16,80.0
Instagram,2019-06-17,94.0
Instagram,2019-06-18,109.0
Instagram,2019-06-19,107.0
Instagram,2019-06-20,98.0
Instagram,2019-06-21,108.0
Instagram,2019-06-22,75.0
Instagram,2019-06-23,94.0
Instagram,2019-06-24,113.0
Instagram,2019-06-25,102.0
Instagram,2019-06-26,92.0
Instagram,2019-06-27,105.0
Instagram,2019-06-28,94.0
Instagram,2019-06-29,115.0
Instagram,2019-06-30,91.0
Instagram,2019-07-01,91.0
Instagram,2019-07-02,92.0
Instagram,2019-07-03,113.0
Instagram,2019-07-04,83.0
Instagram,2019-07-05,108.0
Instagram,2019-07-06,58.0
Instagram,2019-07-07,93.0
Instagram,2019-07-08,75.0
Instagram,2019-07-09,100.0
Instagram,2019-07-10,123.0
Instagram,2019-07-11,194.0
Instagram,2019-07-12,117.0
Instagram,2019-07-13,112.0
Instagram,2019-07-14,128.0
Instagram,2019-07-15,187.0
Instagram,2019-07-16,102.0
Instagram,2019-07-17,88.0
Instagram,2019-07-18,102.0
Instagram,2019-07-19,135.0
Instagram,2019-07-20,127.0
Instagram,2019-07-21,84.0
Instagram,2019-07-22,93.0
Instagram,2019-07-23,100.0
Instagram,2019-07-24,70.0
Instagram,2019-07-25,91.0
Instagram,2019-07-26,111.0
Instagram,2019-07-27,160.0
Instagram,2019-07-28,111.0
Instagram,2019-07-29,110.0
Instagram,2019-07-30,110.0
Instagram,2019-07-31,81.0
Instagram,2019-08-01,108.0
Instagram,2019-08-02,93.0
Instagram,2019-08-03,124.0
Instagram,2019-08-04,64.0
Instagram,2019-08-05,76.0
Instagram,2019-08-06,63.0
Instagram,2019-08-07,86.0
Instagram,2019-08-08,111.0
Instagram,2019-08-09,85.0
Instagram,2019-08-10,73.0
Instagram,2019-08-11,89.0
Instagram,2019-08-12,123.0
Instagram,2019-08-13,116.0
Instagram,2019-08-14,137.0
Instagram,2019-08-15,88.0
Instagram,2019-08-16,127.0
Instagram,2019-08-17,97.0
Instagram,2019-08-18,57.0
Instagram,2019-08-19,112.0
Instagram,2019-08-20,153.0
Instagram,2019-08-21,136.0
Instagram,2019-08-22,51.0
Instagram,2019-08-23,125.0
Instagram,2019-08-24,99.0
Instagram,2019-08-25,94.0
Instagram,2019-08-26,105.0
Instagram,2019-08-27,128.0
Instagram,2019-08-28,144.0
Instagram,2019-08-29,84.0
Instagram,2019-08-30,117.0
Instagram,2019-08-31,96.0
Instagram,2019-09-01,44.0
Instagram,2019-09-02,152.0
Instagram,2019-09-03,191.0
Instagram,2019-09-04,112.0
Instagram,2019-09-05,166.0
Instagram,2019-09-06,141.0
Instagram,2019-09-07,144.0
Instagram,2019-09-08,134.0
Instagram,2019-09-09,107.0
Instagram,2019-09-10,130.0
Instagram,2019-09-11,122.0
Instagram,2019-09-12,113.0
Instagram,2019-09-13,101.0
Instagram,2019-09-14,64.0
Instagram,2019-09-15,120.0
Instagram,2019-09-16,74.0
Instagram,2019-09-17,125.0
Instagram,2019-09-18,65.0
Instagram,2019-09-19,146.0
Instagram,2019-09-20,113.0
Instagram,2019-09-21,87.0
Instagram,2019-09-22,100.0
Instagram,2019-09-23,72.0
Instagram,2019-09-24,100.0
Instagram,2019-09-25,130.0
Instagram,2019-09-26,97.0
Instagram,2019-09-27,82.0
Instagram,2019-09-28,102.0
Instagram,2019-09-29,98.0
Instagram,2019-09-30,126.0
Instagram,2019-10-01,97.0
Instagram,2019-10-02,148.0
Instagram,2019-10-03,87.0
Instagram,2019-10-04,37.0
Instagram,2019-10-05,94.0
Instagram,2019-10-06,29.0
Instagram,2019-10-07,60.0
Instagram,2019-10-08,67.0
Instagram,2019-10-09,118.0
Instagram,2019-10-10,100.0
Instagram,2019-10-11,114.0
Instagram,2019-10-12,78.0
Instagram,2019-10-13,47.0
Instagram,2019-10-14,82.0
Instagram,2019-10-15,98.0
Instagram,2019-10-16,83.0
Instagram,2019-10-17,110.0
Instagram,2019-10-18,7.0
Instagram,2019-10-19,4.0
Instagram,2019-10-20,17.0
Instagram,2019-10-21,55.0
Instagram,2019-10-22,20.0
Instagram,2019-10-23,38.0
Instagram,2019-10-24,124.0
Instagram,2019-10-25,84.0
Instagram,2019-10-26,80.0
Instagram,2019-10-27,73.0
Instagram,2019-10-28,72.0
Instagram,2019-10-29,116.0
Instagram,2019-10-30,111.0
Instagram,2019-10-31,168.0
Instagram,2019-11-01,114.0
Instagram,2019-11-02,138.0
Instagram,2019-11-03,88.0
Instagram,2019-11-04,144.0
Instagram,2019-11-05,140.0
Instagram,2019-11-06,29.0
Instagram,2019-11-07,91.0
Instagram,2019-11-08,82.0
Instagram,2019-11-09,96.0
Instagram,2019-11-10,136.0
Instagram,2019-11-11,84.0
Instagram,2019-11-12,50.0
Instagram,2019-11-13,86.0
Instagram,2019-11-14,101.0
Instagram,2019-11-15,53.0
Instagram,2019-11-16,77.0
Instagram,2019-11-17,68.0
Instagram,2019-11-18,73.0
Instagram,2019-11-19,83.0
Instagram,2019-11-20,100.0
Instagram,2019-11-21,102.0
Instagram,2019-11-22,75.0
Instagram,2019-11-23,88.0
Instagram,2019-11-24,150.0
Instagram,2019-11-25,101.0
Instagram,2019-11-26,51.0
JioSaavn,2019-07-13,4.0
JioSaavn,2019-07-31,3.0
JioSaavn,2019-08-03,5.0
JioSaavn,2019-09-06,1.0
JioTV,2019-09-07,3.0
JioTV,2019-09-18,26.0
JioTV,2019-09-22,2.0
Khan Academy,2019-10-08,1.0
Khan Academy,2019-11-19,5.0
LG TV Plus,2019-08-24,2.0
LG TV Plus,2019-09-01,4.0
LG TV Plus,2019-09-14,2.0
LG TV Plus,2019-10-29,7.0
LG TV Plus,2019-10-31,3.0
LG TV Plus,2019-11-02,8.0
LG TV Plus,2019-11-05,2.0
LG TV Plus,2019-11-07,2.0
LG TV Plus,2019-11-08,2.0
LG TV Plus,2019-11-09,2.0
LG TV Plus,2019-11-14,2.0
LG TV Plus,2019-11-15,1.0
Layout,2019-07-03,1.0
Layout,2019-07-14,3.0
MX Player,2019-06-08,8.0
MX Player,2019-06-10,1.0
MX Player,2019-06-13,14.0
MX Player,2019-06-14,82.0
MX Player,2019-06-22,86.0
MX Player,2019-06-23,90.0
MX Player,2019-06-29,43.0
MX Player,2019-06-30,1.0
MX Player,2019-07-03,1.0
MX Player,2019-07-20,21.0
MX Player,2019-08-02,6.0
MX Player,2019-08-03,120.0
MX Player,2019-08-17,111.0
MX Player,2019-08-18,86.0
MX Player,2019-08-30,58.0
MX Player,2019-08-31,58.0
MX Player,2019-09-21,30.0
MX Player,2019-09-22,10.0
MX Player,2019-09-23,2.0
MX Player,2019-10-02,3.0
MX Player,2019-10-16,4.0
MX Player,2019-10-22,16.0
MX Player,2019-10-23,68.0
MX Player,2019-10-24,2.0
MX Player,2019-11-08,3.0
MX Player,2019-11-11,3.0
MX Player,2019-11-24,4.0
Medium,2019-05-18,1.0
Medium,2019-06-29,2.0
Medium,2019-07-11,3.0
Medium,2019-07-16,2.0
Medium,2019-07-18,4.0
Medium,2019-07-23,1.0
Medium,2019-08-02,15.0
Medium,2019-08-05,5.0
Medium,2019-08-06,5.0
Medium,2019-08-21,1.0
Medium,2019-09-15,2.0
Medium,2019-09-17,3.0
Medium,2019-10-02,2.0
Medium,2019-10-07,4.0
Medium,2019-10-16,6.0
Meme Generator Free,2019-06-22,5.0
Meme Generator Free,2019-06-25,16.0
Meme Generator Free,2019-07-02,2.0
Meme Generator Free,2019-07-03,8.0
Meme Generator Free,2019-07-04,2.0
Meme Templates,2019-06-18,4.0
Meme Templates,2019-06-19,1.0
Meme Templates,2019-06-22,3.0
Meme Templates,2019-06-25,8.0
Meme Templates,2019-06-26,9.0
Meme Templates,2019-07-02,1.0
Meme Templates,2019-07-03,1.0
Meme Templates,2019-08-21,1.0
Messages,2019-05-20,2.0
Messages,2019-06-09,5.0
Messages,2019-06-19,1.0
Messages,2019-07-04,2.0
Messages,2019-07-30,3.0
Messages,2019-08-06,1.0
Messages,2019-08-09,1.0
Messages,2019-08-19,12.0
Messages,2019-09-19,2.0
Messages,2019-10-07,1.0
Messages,2019-10-30,1.0
Messages,2019-10-31,2.0
Messages,2019-11-01,2.0
Messages,2019-11-02,2.0
Messages,2019-11-21,1.0
Mi Fit,2019-05-29,2.0
Mi Fit,2019-05-30,1.0
Mi Fit,2019-05-31,2.0
Mi Fit,2019-06-07,2.0
Mi Fit,2019-06-09,1.0
Mi Fit,2019-06-15,1.0
Mi Fit,2019-06-30,1.0
Mi Fit,2019-09-18,1.0
My Files,2019-08-30,1.0
My Files,2019-10-03,5.0
My Files,2019-10-10,1.0
Om Tamil Calendar,2019-07-08,1.0
Om Tamil Calendar,2019-07-15,2.0
Om Tamil Calendar,2019-07-16,2.0
Om Tamil Calendar,2019-08-20,3.0
Om Tamil Calendar,2019-10-03,1.0
Om Tamil Calendar,2019-10-10,1.0
Om Tamil Calendar,2019-10-30,2.0
Om Tamil Calendar,2019-11-24,1.0
Om Tamil Calendar,2019-11-25,3.0
Om Tamil Calendar,2019-11-26,2.0
Opera,2019-09-27,29.0
Opera,2019-09-28,30.0
Opera,2019-09-29,35.0
Opera,2019-09-30,35.0
Opera,2019-10-02,11.0
Opera,2019-10-03,49.0
Opera,2019-10-05,58.0
Opera,2019-10-06,40.0
Opera,2019-10-08,44.0
Opera,2019-10-09,25.0
Opera,2019-10-10,1.0
Opera,2019-10-11,42.0
Opera,2019-10-12,20.0
Opera,2019-10-13,32.0
Opera,2019-10-14,13.0
Opera,2019-10-15,22.0
Opera,2019-10-17,16.0
Opera,2019-10-21,10.0
Opera,2019-10-22,12.0
Opera,2019-10-23,9.0
Opera,2019-10-24,1.0
Opera,2019-10-25,40.0
Opera,2019-10-26,58.0
Opera,2019-10-27,28.0
Opera,2019-10-29,17.0
Opera,2019-10-31,7.0
Opera,2019-11-02,75.0
Opera,2019-11-03,41.0
Opera,2019-11-04,29.0
Opera,2019-11-05,50.0
Opera,2019-11-06,44.0
Opera,2019-11-07,19.0
Opera,2019-11-08,29.0
Opera,2019-11-09,34.0
Opera,2019-11-10,30.0
Opera,2019-11-11,5.0
Opera,2019-11-12,32.0
Opera,2019-11-13,55.0
Opera,2019-11-14,34.0
Opera,2019-11-15,26.0
Opera,2019-11-16,24.0
Opera,2019-11-18,41.0
Opera,2019-11-19,35.0
Opera,2019-11-20,42.0
Opera,2019-11-21,55.0
Opera,2019-11-22,20.0
Opera,2019-11-23,24.0
Opera,2019-11-24,56.0
Opera,2019-11-25,46.0
Opera,2019-11-26,6.0
Opera Mini,2019-05-18,19.0
Opera Mini,2019-05-19,17.0
Opera Mini,2019-05-20,28.0
Opera Mini,2019-05-21,10.0
Opera Mini,2019-05-24,7.0
Opera Mini,2019-05-25,12.0
Opera Mini,2019-05-26,91.0
Opera Mini,2019-05-27,14.0
Opera Mini,2019-05-28,9.0
Opera Mini,2019-05-29,29.0
Opera Mini,2019-05-30,36.0
Opera Mini,2019-05-31,34.0
Opera Mini,2019-06-02,23.0
Opera Mini,2019-06-03,15.0
Opera Mini,2019-06-04,28.0
Opera Mini,2019-06-05,55.0
Opera Mini,2019-06-06,19.0
Opera Mini,2019-06-07,44.0
Opera Mini,2019-06-09,77.0
Opera Mini,2019-06-10,19.0
Opera Mini,2019-06-11,14.0
Opera Mini,2019-06-12,50.0
Opera Mini,2019-06-13,18.0
Opera Mini,2019-06-14,26.0
Opera Mini,2019-06-15,42.0
Opera Mini,2019-06-16,14.0
Opera Mini,2019-06-17,9.0
Opera Mini,2019-06-18,21.0
Opera Mini,2019-06-19,14.0
Opera Mini,2019-06-20,3.0
Opera Mini,2019-06-21,9.0
Opera Mini,2019-06-22,17.0
Opera Mini,2019-06-23,11.0
Opera Mini,2019-06-24,14.0
Opera Mini,2019-06-25,22.0
Opera Mini,2019-06-26,28.0
Opera Mini,2019-06-27,6.0
Opera Mini,2019-06-28,1.0
Opera Mini,2019-06-29,18.0
Opera Mini,2019-06-30,15.0
Opera Mini,2019-07-01,18.0
Opera Mini,2019-07-03,23.0
Opera Mini,2019-07-04,14.0
Opera Mini,2019-07-05,25.0
Opera Mini,2019-07-06,26.0
Opera Mini,2019-07-07,26.0
Opera Mini,2019-07-08,11.0
Opera Mini,2019-07-09,36.0
Opera Mini,2019-07-11,19.0
Opera Mini,2019-07-12,20.0
Opera Mini,2019-07-14,31.0
Opera Mini,2019-07-15,13.0
Opera Mini,2019-07-17,1.0
Opera Mini,2019-07-19,17.0
Opera Mini,2019-07-20,5.0
Opera Mini,2019-07-21,32.0
Opera Mini,2019-07-23,9.0
Opera Mini,2019-07-24,11.0
Opera Mini,2019-07-25,40.0
Opera Mini,2019-07-29,49.0
Opera Mini,2019-07-30,19.0
Opera Mini,2019-07-31,19.0
Opera Mini,2019-08-01,14.0
Opera Mini,2019-08-02,23.0
Opera Mini,2019-08-03,72.0
Opera Mini,2019-08-04,29.0
Opera Mini,2019-08-06,18.0
Opera Mini,2019-08-08,21.0
Opera Mini,2019-08-09,3.0
Opera Mini,2019-08-10,17.0
Opera Mini,2019-08-11,36.0
Opera Mini,2019-08-12,38.0
Opera Mini,2019-08-14,31.0
Opera Mini,2019-08-15,6.0
Opera Mini,2019-08-16,36.0
Opera Mini,2019-08-17,59.0
Opera Mini,2019-08-18,19.0
Opera Mini,2019-08-19,7.0
Opera Mini,2019-08-22,2.0
Opera Mini,2019-08-23,10.0
Opera Mini,2019-08-24,15.0
Opera Mini,2019-08-25,39.0
Opera Mini,2019-08-26,23.0
Opera Mini,2019-08-30,2.0
Opera Mini,2019-08-31,47.0
Opera Mini,2019-09-01,6.0
Opera Mini,2019-09-02,61.0
Opera Mini,2019-09-06,35.0
Opera Mini,2019-09-07,58.0
Opera Mini,2019-09-08,34.0
Opera Mini,2019-09-09,12.0
Opera Mini,2019-09-10,1.0
Opera Mini,2019-09-11,22.0
Opera Mini,2019-09-12,11.0
Opera Mini,2019-09-13,1.0
Opera Mini,2019-09-14,13.0
Opera Mini,2019-09-15,3.0
Opera Mini,2019-09-16,54.0
Opera Mini,2019-09-17,10.0
Opera Mini,2019-09-18,8.0
Opera Mini,2019-09-19,14.0
Opera Mini,2019-09-21,67.0
Opera Mini,2019-09-22,18.0
Opera Mini,2019-09-23,9.0
Opera Mini,2019-09-24,22.0
Opera Mini,2019-09-25,16.0
Opera Mini,2019-09-27,7.0
Opera Mini,2019-10-02,19.0
Opera Mini,2019-10-12,2.0
PUBG MOBILE LITE,2019-10-06,65.0
Package installer,2019-06-11,3.0
Package installer,2019-06-12,3.0
Package installer,2019-06-25,3.0
Phone,2019-05-17,13.0
Phone,2019-05-18,49.0
Phone,2019-05-19,7.0
Phone,2019-05-20,19.0
Phone,2019-05-21,49.0
Phone,2019-05-22,32.0
Phone,2019-05-23,40.0
Phone,2019-05-24,35.0
Phone,2019-05-25,24.0
Phone,2019-05-26,15.0
Phone,2019-05-27,28.0
Phone,2019-05-28,28.0
Phone,2019-05-29,33.0
Phone,2019-05-30,39.0
Phone,2019-05-31,32.0
Phone,2019-06-01,31.0
Phone,2019-06-02,3.0
Phone,2019-06-03,4.0
Phone,2019-06-04,4.0
Phone,2019-06-05,25.0
Phone,2019-06-06,45.0
Phone,2019-06-07,41.0
Phone,2019-06-08,64.0
Phone,2019-06-09,26.0
Phone,2019-06-10,32.0
Phone,2019-06-11,43.0
Phone,2019-06-12,31.0
Phone,2019-06-13,51.0
Phone,2019-06-14,42.0
Phone,2019-06-15,28.0
Phone,2019-06-16,26.0
Phone,2019-06-17,53.0
Phone,2019-06-18,68.0
Phone,2019-06-19,49.0
Phone,2019-06-20,27.0
Phone,2019-06-21,25.0
Phone,2019-06-22,31.0
Phone,2019-06-23,17.0
Phone,2019-06-24,52.0
Phone,2019-06-25,45.0
Phone,2019-06-26,56.0
Phone,2019-06-27,37.0
Phone,2019-06-28,34.0
Phone,2019-06-29,51.0
Phone,2019-06-30,64.0
Phone,2019-07-01,51.0
Phone,2019-07-02,36.0
Phone,2019-07-03,46.0
Phone,2019-07-04,29.0
Phone,2019-07-05,8.0
Phone,2019-07-06,3.0
Phone,2019-07-07,8.0
Phone,2019-07-08,42.0
Phone,2019-07-09,37.0
Phone,2019-07-10,36.0
Phone,2019-07-11,55.0
Phone,2019-07-12,20.0
Phone,2019-07-13,20.0
Phone,2019-07-14,31.0
Phone,2019-07-15,30.0
Phone,2019-07-16,18.0
Phone,2019-07-17,44.0
Phone,2019-07-18,34.0
Phone,2019-07-19,55.0
Phone,2019-07-20,44.0
Phone,2019-07-21,53.0
Phone,2019-07-22,26.0
Phone,2019-07-23,53.0
Phone,2019-07-24,53.0
Phone,2019-07-25,23.0
Phone,2019-07-26,28.0
Phone,2019-07-27,1.0
Phone,2019-07-29,26.0
Phone,2019-07-30,35.0
Phone,2019-07-31,9.0
Phone,2019-08-01,31.0
Phone,2019-08-02,47.0
Phone,2019-08-03,61.0
Phone,2019-08-04,48.0
Phone,2019-08-05,25.0
Phone,2019-08-06,32.0
Phone,2019-08-07,27.0
Phone,2019-08-08,60.0
Phone,2019-08-09,12.0
Phone,2019-08-10,11.0
Phone,2019-08-11,2.0
Phone,2019-08-12,39.0
Phone,2019-08-13,24.0
Phone,2019-08-14,66.0
Phone,2019-08-15,57.0
Phone,2019-08-16,32.0
Phone,2019-08-17,34.0
Phone,2019-08-18,16.0
Phone,2019-08-19,64.0
Phone,2019-08-20,59.0
Phone,2019-08-21,22.0
Phone,2019-08-22,66.0
Phone,2019-08-23,46.0
Phone,2019-08-24,6.0
Phone,2019-08-25,12.0
Phone,2019-08-26,28.0
Phone,2019-08-27,23.0
Phone,2019-08-28,18.0
Phone,2019-08-29,19.0
Phone,2019-08-30,7.0
Phone,2019-08-31,21.0
Phone,2019-09-01,4.0
Phone,2019-09-02,23.0
Phone,2019-09-03,20.0
Phone,2019-09-04,21.0
Phone,2019-09-05,35.0
Phone,2019-09-06,18.0
Phone,2019-09-07,31.0
Phone,2019-09-08,17.0
Phone,2019-09-09,11.0
Phone,2019-09-10,36.0
Phone,2019-09-11,26.0
Phone,2019-09-12,26.0
Phone,2019-09-13,59.0
Phone,2019-09-16,31.0
Phone,2019-09-17,11.0
Phone,2019-09-18,19.0
Phone,2019-09-19,28.0
Phone,2019-09-20,22.0
Phone,2019-09-21,33.0
Phone,2019-09-22,41.0
Phone,2019-09-23,12.0
Phone,2019-09-24,13.0
Phone,2019-09-25,34.0
Phone,2019-09-26,18.0
Phone,2019-09-29,2.0
Phone,2019-09-30,17.0
Phone,2019-10-01,44.0
Phone,2019-10-02,54.0
Phone,2019-10-03,22.0
Phone,2019-10-04,29.0
Phone,2019-10-05,1.0
Phone,2019-10-07,3.0
Phone,2019-10-08,18.0
Phone,2019-10-09,24.0
Phone,2019-10-10,26.0
Phone,2019-10-11,27.0
Phone,2019-10-12,18.0
Phone,2019-10-13,18.0
Phone,2019-10-14,30.0
Phone,2019-10-15,21.0
Phone,2019-10-16,14.0
Phone,2019-10-17,13.0
Phone,2019-10-18,61.0
Phone,2019-10-19,15.0
Phone,2019-10-20,13.0
Phone,2019-10-21,17.0
Phone,2019-10-22,38.0
Phone,2019-10-23,2.0
Phone,2019-10-24,23.0
Phone,2019-10-26,5.0
Phone,2019-10-27,9.0
Phone,2019-10-28,8.0
Phone,2019-10-29,15.0
Phone,2019-10-30,25.0
Phone,2019-10-31,8.0
Phone,2019-11-01,13.0
Phone,2019-11-02,30.0
Phone,2019-11-03,15.0
Phone,2019-11-04,26.0
Phone,2019-11-05,4.0
Phone,2019-11-06,7.0
Phone,2019-11-07,19.0
Phone,2019-11-08,21.0
Phone,2019-11-09,19.0
Phone,2019-11-13,43.0
Phone,2019-11-14,42.0
Phone,2019-11-15,23.0
Phone,2019-11-16,79.0
Phone,2019-11-17,38.0
Phone,2019-11-18,7.0
Phone,2019-11-20,22.0
Phone,2019-11-21,18.0
Phone,2019-11-22,1.0
Phone,2019-11-23,4.0
Phone,2019-11-24,5.0
Phone,2019-11-25,3.0
Pixaloop,2019-07-23,7.0
Prime Video,2019-06-30,4.0
Pushbullet,2019-06-01,4.0
SHAREit,2019-06-03,16.0
SIM card manager,2019-10-05,1.0
Samsung Cloud,2019-05-17,3.0
Samsung Experience Service,2019-05-17,1.0
Samsung Keyboard,2019-06-01,1.0
Samsung Max,2019-06-14,3.0
Samsung Max,2019-09-09,5.0
Samsung Max,2019-09-14,2.0
Samsung Max,2019-09-28,2.0
Samsung Music,2019-05-18,4.0
Samsung Music,2019-05-30,1.0
Samsung Music,2019-06-08,4.0
Samsung Music,2019-06-12,11.0
Samsung Music,2019-07-04,1.0
Samsung Music,2019-07-08,1.0
Samsung Music,2019-07-13,4.0
Samsung Music,2019-09-11,1.0
Samsung Music,2019-09-13,2.0
Samsung Music,2019-09-14,1.0
Samsung Music,2019-09-29,1.0
Samsung Music,2019-09-30,1.0
Samsung Music,2019-10-04,1.0
Samsung Music,2019-10-16,5.0
Samsung Music,2019-11-11,1.0
Samsung Music,2019-11-17,2.0
Samsung Music,2019-11-22,2.0
Samsung Notes,2019-05-24,7.0
Samsung Notes,2019-07-01,2.0
Samsung Notes,2019-07-30,1.0
Samsung Notes,2019-09-02,1.0
Samsung Notes,2019-09-09,2.0
Samsung Notes,2019-09-13,1.0
Samsung Notes,2019-09-17,5.0
Samsung Notes,2019-09-18,5.0
Samsung Notes,2019-10-02,2.0
Samsung Notes,2019-10-22,2.0
Samsung Notes,2019-11-02,1.0
Samsung Notes,2019-11-05,1.0
Samsung Notes,2019-11-06,3.0
Samsung Notes,2019-11-08,1.0
Samsung Notes,2019-11-14,2.0
Screen off,2019-05-18,65.0
Screen off,2019-05-19,99.0
Screen off,2019-05-20,54.0
Screen off,2019-05-21,68.0
Screen off,2019-05-22,180.0
Screen off,2019-05-23,271.0
Screen off,2019-05-24,104.0
Screen off,2019-05-25,14.0
Screen off,2019-05-26,34.0
Screen off,2019-05-27,199.0
Screen off,2019-05-28,138.0
Screen off,2019-05-29,152.0
Screen off,2019-05-30,122.0
Screen off,2019-05-31,81.0
Screen off,2019-06-01,231.0
Screen off,2019-06-02,120.0
Screen off,2019-06-03,39.0
Screen off,2019-06-04,51.0
Screen off,2019-06-05,198.0
Screen off,2019-06-06,316.0
Screen off,2019-06-07,167.0
Screen off,2019-06-08,124.0
Screen off,2019-06-09,28.0
Screen off,2019-06-10,160.0
Screen off,2019-06-11,152.0
Screen off,2019-06-12,207.0
Screen off,2019-06-13,135.0
Screen off,2019-06-14,172.0
Screen off,2019-06-15,41.0
Screen off,2019-06-16,19.0
Screen off,2019-06-17,149.0
Screen off,2019-06-18,52.0
Screen off,2019-06-19,94.0
Screen off,2019-06-20,112.0
Screen off,2019-06-21,44.0
Screen off,2019-06-22,53.0
Screen off,2019-06-23,109.0
Screen off,2019-06-24,22.0
Screen off,2019-06-25,108.0
Screen off,2019-06-26,158.0
Screen off,2019-06-27,78.0
Screen off,2019-06-28,69.0
Screen off,2019-06-29,78.0
Screen off,2019-06-30,117.0
Screen off,2019-07-01,196.0
Screen off,2019-07-02,52.0
Screen off,2019-07-03,21.0
Screen off,2019-07-04,2.0
Screen off,2019-07-05,89.0
Screen off,2019-07-06,118.0
Screen off,2019-07-07,81.0
Screen off,2019-07-08,81.0
Screen off,2019-07-09,169.0
Screen off,2019-07-10,102.0
Screen off,2019-07-11,121.0
Screen off,2019-07-12,103.0
Screen off,2019-07-13,19.0
Screen off,2019-07-14,51.0
Screen off,2019-07-15,129.0
Screen off,2019-07-16,133.0
Screen off,2019-07-17,148.0
Screen off,2019-07-18,283.0
Screen off,2019-07-19,151.0
Screen off,2019-07-20,178.0
Screen off,2019-07-21,46.0
Screen off,2019-07-22,91.0
Screen off,2019-07-23,253.0
Screen off,2019-07-24,106.0
Screen off,2019-07-25,221.0
Screen off,2019-07-26,235.0
Screen off,2019-07-27,53.0
Screen off,2019-07-28,14.0
Screen off,2019-07-29,91.0
Screen off,2019-07-30,114.0
Screen off,2019-07-31,109.0
Screen off,2019-08-01,99.0
Screen off,2019-08-02,288.0
Screen off,2019-08-03,166.0
Screen off,2019-08-04,29.0
Screen off,2019-08-05,168.0
Screen off,2019-08-06,189.0
Screen off,2019-08-07,255.0
Screen off,2019-08-08,144.0
Screen off,2019-08-09,133.0
Screen off,2019-08-10,88.0
Screen off,2019-08-11,98.0
Screen off,2019-08-12,128.0
Screen off,2019-08-13,182.0
Screen off,2019-08-14,235.0
Screen off,2019-08-15,100.0
Screen off,2019-08-16,54.0
Screen off,2019-08-17,109.0
Screen off,2019-08-18,64.0
Screen off,2019-08-19,135.0
Screen off,2019-08-20,106.0
Screen off,2019-08-21,87.0
Screen off,2019-08-22,56.0
Screen off,2019-08-23,178.0
Screen off,2019-08-24,89.0
Screen off,2019-08-25,91.0
Screen off,2019-08-26,159.0
Screen off,2019-08-27,129.0
Screen off,2019-08-28,104.0
Screen off,2019-08-29,214.0
Screen off,2019-08-30,211.0
Screen off,2019-08-31,131.0
Screen off,2019-09-01,72.0
Screen off,2019-09-02,148.0
Screen off,2019-09-03,199.0
Screen off,2019-09-04,247.0
Screen off,2019-09-05,186.0
Screen off,2019-09-06,275.0
Screen off,2019-09-07,157.0
Screen off,2019-09-08,15.0
Screen off,2019-09-09,208.0
Screen off,2019-09-10,268.0
Screen off,2019-09-11,262.0
Screen off,2019-09-12,331.0
Screen off,2019-09-13,123.0
Screen off,2019-09-14,143.0
Screen off,2019-09-15,339.0
Screen off,2019-09-16,197.0
Screen off,2019-09-17,256.0
Screen off,2019-09-18,107.0
Screen off,2019-09-19,281.0
Screen off,2019-09-20,152.0
Screen off,2019-09-21,230.0
Screen off,2019-09-22,151.0
Screen off,2019-09-23,232.0
Screen off,2019-09-24,298.0
Screen off,2019-09-25,206.0
Screen off,2019-09-26,196.0
Screen off,2019-09-27,82.0
Screen off,2019-09-28,116.0
Screen off,2019-09-29,100.0
Screen off,2019-09-30,219.0
Screen off,2019-10-01,215.0
Screen off,2019-10-02,154.0
Screen off,2019-10-03,178.0
Screen off,2019-10-04,139.0
Screen off,2019-10-05,144.0
Screen off,2019-10-06,194.0
Screen off,2019-10-07,127.0
Screen off,2019-10-08,234.0
Screen off,2019-10-09,188.0
Screen off,2019-10-10,44.0
Screen off,2019-10-11,183.0
Screen off,2019-10-12,47.0
Screen off,2019-10-13,53.0
Screen off,2019-10-14,122.0
Screen off,2019-10-15,192.0
Screen off,2019-10-16,186.0
Screen off,2019-10-17,151.0
Screen off,2019-10-18,19.0
Screen off,2019-10-19,1.0
Screen off,2019-10-20,14.0
Screen off,2019-10-21,42.0
Screen off,2019-10-22,45.0
Screen off,2019-10-23,98.0
Screen off,2019-10-24,82.0
Screen off,2019-10-25,95.0
Screen off,2019-10-26,82.0
Screen off,2019-10-27,96.0
Screen off,2019-10-28,60.0
Screen off,2019-10-29,105.0
Screen off,2019-10-30,589.0
Screen off,2019-10-31,138.0
Screen off,2019-11-01,259.0
Screen off,2019-11-02,144.0
Screen off,2019-11-03,62.0
Screen off,2019-11-04,143.0
Screen off,2019-11-05,128.0
Screen off,2019-11-06,106.0
Screen off,2019-11-07,193.0
Screen off,2019-11-08,149.0
Screen off,2019-11-09,235.0
Screen off,2019-11-10,218.0
Screen off,2019-11-11,197.0
Screen off,2019-11-12,138.0
Screen off,2019-11-13,161.0
Screen off,2019-11-14,78.0
Screen off,2019-11-15,81.0
Screen off,2019-11-16,23.0
Screen off,2019-11-17,19.0
Screen off,2019-11-18,74.0
Screen off,2019-11-19,257.0
Screen off,2019-11-20,226.0
Screen off,2019-11-21,104.0
Screen off,2019-11-22,72.0
Screen off,2019-11-23,248.0
Screen off,2019-11-24,210.0
Screen off,2019-11-25,155.0
Screen off,2019-11-26,341.0
Screen off (locked),2019-05-17,140.0
Screen off (locked),2019-05-18,998.0
Screen off (locked),2019-05-19,1218.0
Screen off (locked),2019-05-20,1546.0
Screen off (locked),2019-05-21,570.0
Screen off (locked),2019-05-22,1059.0
Screen off (locked),2019-05-23,325.0
Screen off (locked),2019-05-24,824.0
Screen off (locked),2019-05-25,919.0
Screen off (locked),2019-05-26,1318.0
Screen off (locked),2019-05-27,837.0
Screen off (locked),2019-05-28,992.0
Screen off (locked),2019-05-29,518.0
Screen off (locked),2019-05-30,1087.0
Screen off (locked),2019-05-31,873.0
Screen off (locked),2019-06-01,723.0
Screen off (locked),2019-06-02,1114.0
Screen off (locked),2019-06-03,1333.0
Screen off (locked),2019-06-04,700.0
Screen off (locked),2019-06-05,1091.0
Screen off (locked),2019-06-06,725.0
Screen off (locked),2019-06-07,928.0
Screen off (locked),2019-06-08,552.0
Screen off (locked),2019-06-09,1290.0
Screen off (locked),2019-06-10,977.0
Screen off (locked),2019-06-11,837.0
Screen off (locked),2019-06-12,904.0
Screen off (locked),2019-06-13,575.0
Screen off (locked),2019-06-14,760.0
Screen off (locked),2019-06-15,1030.0
Screen off (locked),2019-06-16,1378.0
Screen off (locked),2019-06-17,960.0
Screen off (locked),2019-06-18,1021.0
Screen off (locked),2019-06-19,920.0
Screen off (locked),2019-06-20,1027.0
Screen off (locked),2019-06-21,885.0
Screen off (locked),2019-06-22,909.0
Screen off (locked),2019-06-23,883.0
Screen off (locked),2019-06-24,1109.0
Screen off (locked),2019-06-25,951.0
Screen off (locked),2019-06-26,864.0
Screen off (locked),2019-06-27,857.0
Screen off (locked),2019-06-28,734.0
Screen off (locked),2019-06-29,1220.0
Screen off (locked),2019-06-30,864.0
Screen off (locked),2019-07-01,602.0
Screen off (locked),2019-07-02,924.0
Screen off (locked),2019-07-03,955.0
Screen off (locked),2019-07-04,689.0
Screen off (locked),2019-07-05,508.0
Screen off (locked),2019-07-06,1405.0
Screen off (locked),2019-07-07,928.0
Screen off (locked),2019-07-08,711.0
Screen off (locked),2019-07-09,856.0
Screen off (locked),2019-07-10,856.0
Screen off (locked),2019-07-11,1242.0
Screen off (locked),2019-07-12,989.0
Screen off (locked),2019-07-13,809.0
Screen off (locked),2019-07-14,900.0
Screen off (locked),2019-07-15,1187.0
Screen off (locked),2019-07-16,915.0
Screen off (locked),2019-07-17,917.0
Screen off (locked),2019-07-18,796.0
Screen off (locked),2019-07-19,640.0
Screen off (locked),2019-07-20,635.0
Screen off (locked),2019-07-21,1358.0
Screen off (locked),2019-07-22,844.0
Screen off (locked),2019-07-23,974.0
Screen off (locked),2019-07-24,1013.0
Screen off (locked),2019-07-25,833.0
Screen off (locked),2019-07-26,519.0
Screen off (locked),2019-07-27,1558.0
Screen off (locked),2019-07-28,939.0
Screen off (locked),2019-07-29,1208.0
Screen off (locked),2019-07-30,982.0
Screen off (locked),2019-07-31,1006.0
Screen off (locked),2019-08-01,687.0
Screen off (locked),2019-08-02,1018.0
Screen off (locked),2019-08-03,390.0
Screen off (locked),2019-08-04,1379.0
Screen off (locked),2019-08-05,766.0
Screen off (locked),2019-08-06,1218.0
Screen off (locked),2019-08-07,570.0
Screen off (locked),2019-08-08,1330.0
Screen off (locked),2019-08-09,680.0
Screen off (locked),2019-08-10,1074.0
Screen off (locked),2019-08-11,1213.0
Screen off (locked),2019-08-12,1156.0
Screen off (locked),2019-08-13,852.0
Screen off (locked),2019-08-14,415.0
Screen off (locked),2019-08-15,981.0
Screen off (locked),2019-08-16,1413.0
Screen off (locked),2019-08-17,302.0
Screen off (locked),2019-08-18,1055.0
Screen off (locked),2019-08-19,1258.0
Screen off (locked),2019-08-20,931.0
Screen off (locked),2019-08-21,536.0
Screen off (locked),2019-08-22,935.0
Screen off (locked),2019-08-23,1039.0
Screen off (locked),2019-08-24,851.0
Screen off (locked),2019-08-25,1228.0
Screen off (locked),2019-08-26,1099.0
Screen off (locked),2019-08-27,1007.0
Screen off (locked),2019-08-28,983.0
Screen off (locked),2019-08-29,486.0
Screen off (locked),2019-08-30,830.0
Screen off (locked),2019-08-31,964.0
Screen off (locked),2019-09-01,1081.0
Screen off (locked),2019-09-02,894.0
Screen off (locked),2019-09-03,1044.0
Screen off (locked),2019-09-04,867.0
Screen off (locked),2019-09-05,709.0
Screen off (locked),2019-09-06,813.0
Screen off (locked),2019-09-07,624.0
Screen off (locked),2019-09-08,1052.0
Screen off (locked),2019-09-09,867.0
Screen off (locked),2019-09-10,730.0
Screen off (locked),2019-09-11,977.0
Screen off (locked),2019-09-12,777.0
Screen off (locked),2019-09-13,454.0
Screen off (locked),2019-09-14,1120.0
Screen off (locked),2019-09-15,967.0
Screen off (locked),2019-09-16,1091.0
Screen off (locked),2019-09-17,344.0
Screen off (locked),2019-09-18,981.0
Screen off (locked),2019-09-19,1214.0
Screen off (locked),2019-09-20,629.0
Screen off (locked),2019-09-21,956.0
Screen off (locked),2019-09-22,890.0
Screen off (locked),2019-09-23,1142.0
Screen off (locked),2019-09-24,750.0
Screen off (locked),2019-09-25,933.0
Screen off (locked),2019-09-26,630.0
Screen off (locked),2019-09-27,1387.0
Screen off (locked),2019-09-28,897.0
Screen off (locked),2019-09-29,814.0
Screen off (locked),2019-09-30,1120.0
Screen off (locked),2019-10-01,671.0
Screen off (locked),2019-10-02,852.0
Screen off (locked),2019-10-03,746.0
Screen off (locked),2019-10-04,630.0
Screen off (locked),2019-10-05,894.0
Screen off (locked),2019-10-06,1178.0
Screen off (locked),2019-10-07,635.0
Screen off (locked),2019-10-08,1158.0
Screen off (locked),2019-10-09,566.0
Screen off (locked),2019-10-10,897.0
Screen off (locked),2019-10-11,1205.0
Screen off (locked),2019-10-12,764.0
Screen off (locked),2019-10-13,1026.0
Screen off (locked),2019-10-14,988.0
Screen off (locked),2019-10-15,604.0
Screen off (locked),2019-10-16,952.0
Screen off (locked),2019-10-17,622.0
Screen off (locked),2019-10-18,1040.0
Screen off (locked),2019-10-19,607.0
Screen off (locked),2019-10-20,156.0
Screen off (locked),2019-10-21,1061.0
Screen off (locked),2019-10-22,1187.0
Screen off (locked),2019-10-23,1145.0
Screen off (locked),2019-10-24,683.0
Screen off (locked),2019-10-25,1196.0
Screen off (locked),2019-10-26,1045.0
Screen off (locked),2019-10-27,1085.0
Screen off (locked),2019-10-28,829.0
Screen off (locked),2019-10-29,1067.0
Screen off (locked),2019-10-30,455.0
Screen off (locked),2019-10-31,1120.0
Screen off (locked),2019-11-01,574.0
Screen off (locked),2019-11-02,1006.0
Screen off (locked),2019-11-03,1010.0
Screen off (locked),2019-11-04,765.0
Screen off (locked),2019-11-05,1096.0
Screen off (locked),2019-11-06,1248.0
Screen off (locked),2019-11-07,513.0
Screen off (locked),2019-11-08,1139.0
Screen off (locked),2019-11-09,558.0
Screen off (locked),2019-11-10,1197.0
Screen off (locked),2019-11-11,482.0
Screen off (locked),2019-11-12,1025.0
Screen off (locked),2019-11-13,893.0
Screen off (locked),2019-11-14,1010.0
Screen off (locked),2019-11-15,1272.0
Screen off (locked),2019-11-16,984.0
Screen off (locked),2019-11-17,1023.0
Screen off (locked),2019-11-18,1469.0
Screen off (locked),2019-11-19,489.0
Screen off (locked),2019-11-20,935.0
Screen off (locked),2019-11-21,1173.0
Screen off (locked),2019-11-22,1172.0
Screen off (locked),2019-11-23,762.0
Screen off (locked),2019-11-24,660.0
Screen off (locked),2019-11-25,948.0
Screen off (locked),2019-11-26,709.0
Screen on (locked),2019-05-24,2.0
Screen on (locked),2019-05-30,4.0
Screen on (locked),2019-06-01,2.0
Screen on (locked),2019-06-05,1.0
Screen on (locked),2019-06-19,2.0
Screen on (locked),2019-06-21,1.0
Screen on (locked),2019-07-08,79.0
Screen on (locked),2019-07-14,1.0
Screen on (locked),2019-07-21,1.0
Screen on (locked),2019-08-13,1.0
Screen on (locked),2019-08-29,4.0
Screen on (locked),2019-08-31,2.0
Screen on (locked),2019-09-02,1.0
Screen on (locked),2019-09-05,1.0
Screen on (locked),2019-09-06,3.0
Screen on (locked),2019-10-04,6.0
Screen on (locked),2019-10-05,2.0
Screen on (locked),2019-10-10,4.0
Screen on (locked),2019-10-13,2.0
Screen on (locked),2019-10-16,3.0
Screen on (locked),2019-10-18,1.0
Screen on (unlocked),2019-05-18,5.0
Screen on (unlocked),2019-05-19,1.0
Screen on (unlocked),2019-05-20,5.0
Screen on (unlocked),2019-05-23,3.0
Screen on (unlocked),2019-05-24,5.0
Screen on (unlocked),2019-06-04,5.0
Screen on (unlocked),2019-06-16,2.0
Screen on (unlocked),2019-06-19,2.0
Screen on (unlocked),2019-06-24,2.0
Screen on (unlocked),2019-06-25,5.0
Screen on (unlocked),2019-07-03,4.0
Screen on (unlocked),2019-07-04,3.0
Screen on (unlocked),2019-07-07,2.0
Screen on (unlocked),2019-07-08,6.0
Screen on (unlocked),2019-07-09,11.0
Screen on (unlocked),2019-07-10,1.0
Screen on (unlocked),2019-07-13,4.0
Screen on (unlocked),2019-07-16,12.0
Screen on (unlocked),2019-07-18,4.0
Screen on (unlocked),2019-07-25,11.0
Screen on (unlocked),2019-07-26,2.0
Screen on (unlocked),2019-07-27,1.0
Screen on (unlocked),2019-07-30,1.0
Screen on (unlocked),2019-07-31,11.0
Screen on (unlocked),2019-08-01,1.0
Screen on (unlocked),2019-08-02,1.0
Screen on (unlocked),2019-08-03,18.0
Screen on (unlocked),2019-08-05,3.0
Screen on (unlocked),2019-08-06,3.0
Screen on (unlocked),2019-08-07,7.0
Screen on (unlocked),2019-08-09,1.0
Screen on (unlocked),2019-08-17,17.0
Screen on (unlocked),2019-08-20,2.0
Screen on (unlocked),2019-08-21,2.0
Screen on (unlocked),2019-08-23,1.0
Screen on (unlocked),2019-08-24,5.0
Screen on (unlocked),2019-08-27,2.0
Screen on (unlocked),2019-08-30,8.0
Screen on (unlocked),2019-08-31,6.0
Screen on (unlocked),2019-09-08,1.0
Screen on (unlocked),2019-09-10,1.0
Screen on (unlocked),2019-09-12,12.0
Screen on (unlocked),2019-09-13,4.0
Screen on (unlocked),2019-09-15,1.0
Screen on (unlocked),2019-09-16,1.0
Screen on (unlocked),2019-09-17,4.0
Screen on (unlocked),2019-09-18,2.0
Screen on (unlocked),2019-09-20,3.0
Screen on (unlocked),2019-09-21,115.0
Screen on (unlocked),2019-09-23,1.0
Screen on (unlocked),2019-09-29,2.0
Screen on (unlocked),2019-10-01,2.0
Screen on (unlocked),2019-10-03,1.0
Screen on (unlocked),2019-10-04,13.0
Screen on (unlocked),2019-10-06,1.0
Screen on (unlocked),2019-10-08,2.0
Screen on (unlocked),2019-10-21,1.0
Screen on (unlocked),2019-10-23,4.0
Screen on (unlocked),2019-10-25,1.0
Screen on (unlocked),2019-10-26,1.0
Screen on (unlocked),2019-10-29,1.0
Screen on (unlocked),2019-11-03,3.0
Screen on (unlocked),2019-11-04,2.0
Screen on (unlocked),2019-11-11,8.0
Screen on (unlocked),2019-11-13,1.0
Screen on (unlocked),2019-11-20,1.0
Screen on (unlocked),2019-11-24,10.0
Screen on (unlocked),2019-11-26,1.0
Service mode,2019-07-22,10.0
Settings,2019-05-18,4.0
Settings,2019-05-21,2.0
Settings,2019-05-29,1.0
Settings,2019-05-31,3.0
Settings,2019-06-01,1.0
Settings,2019-06-08,1.0
Settings,2019-06-14,1.0
Settings,2019-07-08,1.0
Settings,2019-07-29,11.0
Settings,2019-09-29,3.0
Settings,2019-10-14,1.0
Settings,2019-10-24,1.0
Settings,2019-11-11,1.0
SimpleMind Free,2019-06-11,1.0
Smart View,2019-08-06,2.0
Smart View,2019-08-24,1.0
Snapseed,2019-08-30,1.0
Snapseed,2019-08-31,7.0
Snapseed,2019-09-01,10.0
Snapseed,2019-09-06,3.0
Snapseed,2019-09-11,1.0
Snapseed,2019-09-15,4.0
Snapseed,2019-09-25,1.0
Snapseed,2019-09-26,3.0
Software update,2019-06-01,11.0
SoloLearn,2019-10-14,12.0
Spotify,2019-11-13,3.0
Sudoku,2019-11-25,5.0
Sun NXT,2019-08-25,4.0
Swiggy,2019-05-23,6.0
Swiggy,2019-05-27,8.0
Swiggy,2019-06-13,23.0
Swiggy,2019-07-02,3.0
Swiggy,2019-07-03,13.0
Swiggy,2019-07-08,8.0
Swiggy,2019-07-09,13.0
Swiggy,2019-07-11,21.0
Swiggy,2019-07-13,4.0
Swiggy,2019-07-14,14.0
Swiggy,2019-07-15,10.0
Swiggy,2019-07-16,9.0
Swiggy,2019-07-17,7.0
Swiggy,2019-07-18,1.0
Swiggy,2019-07-24,13.0
Swiggy,2019-07-25,6.0
Swiggy,2019-07-29,6.0
Swiggy,2019-08-01,4.0
Swiggy,2019-08-02,7.0
Swiggy,2019-08-07,1.0
Swiggy,2019-08-16,12.0
Swiggy,2019-08-17,26.0
Swiggy,2019-08-20,2.0
Swiggy,2019-08-23,15.0
Swiggy,2019-08-26,4.0
Swiggy,2019-08-28,1.0
Swiggy,2019-08-30,3.0
Swiggy,2019-08-31,6.0
Swiggy,2019-09-02,13.0
Swiggy,2019-09-07,6.0
Swiggy,2019-09-08,10.0
Swiggy,2019-09-09,10.0
Swiggy,2019-09-10,2.0
Swiggy,2019-09-13,7.0
Swiggy,2019-09-16,7.0
Swiggy,2019-09-25,12.0
Swiggy,2019-09-26,48.0
Swiggy,2019-09-27,4.0
Swiggy,2019-09-30,7.0
Swiggy,2019-10-02,6.0
Swiggy,2019-10-08,14.0
Swiggy,2019-10-09,1.0
Swiggy,2019-10-13,1.0
Swiggy,2019-10-15,11.0
Swiggy,2019-10-17,2.0
System UI,2019-05-18,1.0
TED,2019-07-30,3.0
TV Cast (LG),2019-09-14,1.0
Telegram,2019-09-30,6.0
Telegram,2019-10-01,10.0
Telegram,2019-10-02,19.0
Telegram,2019-10-03,19.0
Telegram,2019-10-04,1.0
Telegram,2019-10-07,2.0
Telegram,2019-10-08,1.0
Telegram,2019-10-09,3.0
Telegram,2019-10-11,1.0
Telegram,2019-10-12,4.0
Telegram,2019-10-14,15.0
Telegram,2019-10-15,7.0
Telegram,2019-10-16,5.0
Telegram,2019-10-22,9.0
Telegram,2019-10-23,2.0
Telegram,2019-10-25,2.0
Telegram,2019-10-27,1.0
Telegram,2019-10-28,6.0
Telegram,2019-10-29,2.0
Telegram,2019-11-02,11.0
Telegram,2019-11-03,26.0
Telegram,2019-11-04,8.0
Telegram,2019-11-06,1.0
Telegram,2019-11-08,6.0
Telegram,2019-11-10,1.0
Telegram,2019-11-11,2.0
Telegram,2019-11-13,4.0
Telegram,2019-11-15,2.0
Telegram,2019-11-16,2.0
Telegram,2019-11-18,2.0
Telegram,2019-11-21,2.0
Telegram,2019-11-25,1.0
UFO VPN Basic,2019-06-17,2.0
UFO VPN Basic,2019-06-19,3.0
UFO VPN Basic,2019-06-23,2.0
UFO VPN Basic,2019-06-24,1.0
UFO VPN Basic,2019-06-25,2.0
UFO VPN Basic,2019-06-26,1.0
UFO VPN Basic,2019-06-27,1.0
UFO VPN Basic,2019-06-29,1.0
UFO VPN Basic,2019-07-18,2.0
UFO VPN Basic,2019-08-10,4.0
UFO VPN Basic,2019-08-11,2.0
UFO VPN Basic,2019-08-17,3.0
UFO VPN Basic,2019-08-18,1.0
UFO VPN Basic,2019-08-21,1.0
UFO VPN Basic,2019-08-31,1.0
UFO VPN Basic,2019-09-21,3.0
UFO VPN Basic,2019-09-28,2.0
UFO VPN Basic,2019-09-29,2.0
Uber Eats,2019-05-23,2.0
Uber Eats,2019-05-27,3.0
Uber Eats,2019-05-30,23.0
Uber Eats,2019-05-31,16.0
Uber Eats,2019-06-06,31.0
Uber Eats,2019-06-11,24.0
Uber Eats,2019-06-12,3.0
Uber Eats,2019-06-13,14.0
Uber Eats,2019-06-17,13.0
Uber Eats,2019-06-18,10.0
Uber Eats,2019-06-20,2.0
Uber Eats,2019-06-21,2.0
Uber Eats,2019-06-22,18.0
Uber Eats,2019-06-23,8.0
Uber Eats,2019-06-25,7.0
Uber Eats,2019-06-26,5.0
Uber Eats,2019-06-27,31.0
Uber Eats,2019-06-28,13.0
Uber Eats,2019-06-30,10.0
Uber Eats,2019-07-03,1.0
Uber Eats,2019-07-11,2.0
Uber Eats,2019-07-14,3.0
Uber Eats,2019-07-20,14.0
Uber Eats,2019-08-01,3.0
Uber Eats,2019-08-05,6.0
Uber Eats,2019-08-29,2.0
Uber Eats,2019-09-02,2.0
Uber Eats,2019-09-04,32.0
Uber Eats,2019-09-05,33.0
Uber Eats,2019-09-08,13.0
Uber Eats,2019-09-09,6.0
Uber Eats,2019-09-11,4.0
Uber Eats,2019-09-13,47.0
Uber Eats,2019-09-17,14.0
Uber Eats,2019-09-18,3.0
Uber Eats,2019-10-08,4.0
Uber Eats,2019-10-17,20.0
Udemy,2019-08-13,3.0
Udemy,2019-08-14,18.0
Udemy,2019-08-17,5.0
Udemy,2019-08-23,5.0
Udemy,2019-08-24,3.0
Udemy,2019-08-30,2.0
Udemy,2019-09-02,2.0
Udemy,2019-09-05,8.0
Udemy,2019-09-17,13.0
Udemy,2019-09-29,2.0
Udemy,2019-10-13,3.0
Udemy,2019-10-17,2.0
Udemy,2019-11-07,9.0
Video Player,2019-05-18,2.0
Video Player,2019-06-15,32.0
Video Player,2019-06-17,3.0
Video Player,2019-07-03,2.0
Video Player,2019-08-03,2.0
Video Player,2019-08-19,4.0
WPS Office,2019-07-25,9.0
WPS Office,2019-10-01,2.0
WPS Office,2019-10-04,2.0
WPS Office,2019-10-29,2.0
WPS Office,2019-11-18,2.0
WhatsApp,2019-05-17,65.0
WhatsApp,2019-05-18,44.0
WhatsApp,2019-05-19,37.0
WhatsApp,2019-05-20,11.0
WhatsApp,2019-05-21,68.0
WhatsApp,2019-05-22,68.0
WhatsApp,2019-05-23,95.0
WhatsApp,2019-05-24,148.0
WhatsApp,2019-05-25,10.0
WhatsApp,2019-05-26,15.0
WhatsApp,2019-05-27,25.0
WhatsApp,2019-05-28,51.0
WhatsApp,2019-05-29,56.0
WhatsApp,2019-05-30,20.0
WhatsApp,2019-05-31,15.0
WhatsApp,2019-06-01,10.0
WhatsApp,2019-06-02,30.0
WhatsApp,2019-06-03,17.0
WhatsApp,2019-06-04,12.0
WhatsApp,2019-06-05,17.0
WhatsApp,2019-06-06,31.0
WhatsApp,2019-06-07,24.0
WhatsApp,2019-06-08,34.0
WhatsApp,2019-06-09,30.0
WhatsApp,2019-06-10,18.0
WhatsApp,2019-06-11,26.0
WhatsApp,2019-06-12,29.0
WhatsApp,2019-06-13,17.0
WhatsApp,2019-06-14,13.0
WhatsApp,2019-06-15,59.0
WhatsApp,2019-06-16,7.0
WhatsApp,2019-06-17,74.0
WhatsApp,2019-06-18,44.0
WhatsApp,2019-06-19,45.0
WhatsApp,2019-06-20,36.0
WhatsApp,2019-06-21,38.0
WhatsApp,2019-06-22,51.0
WhatsApp,2019-06-23,70.0
WhatsApp,2019-06-24,32.0
WhatsApp,2019-06-25,23.0
WhatsApp,2019-06-26,54.0
WhatsApp,2019-06-27,4.0
WhatsApp,2019-06-28,11.0
WhatsApp,2019-06-29,24.0
WhatsApp,2019-06-30,26.0
WhatsApp,2019-07-01,31.0
WhatsApp,2019-07-02,24.0
WhatsApp,2019-07-03,80.0
WhatsApp,2019-07-04,20.0
WhatsApp,2019-07-05,95.0
WhatsApp,2019-07-06,44.0
WhatsApp,2019-07-07,10.0
WhatsApp,2019-07-08,40.0
WhatsApp,2019-07-09,62.0
WhatsApp,2019-07-10,19.0
WhatsApp,2019-07-11,42.0
WhatsApp,2019-07-12,18.0
WhatsApp,2019-07-13,20.0
WhatsApp,2019-07-14,51.0
WhatsApp,2019-07-15,73.0
WhatsApp,2019-07-16,47.0
WhatsApp,2019-07-17,11.0
WhatsApp,2019-07-18,50.0
WhatsApp,2019-07-19,18.0
WhatsApp,2019-07-20,45.0
WhatsApp,2019-07-21,32.0
WhatsApp,2019-07-22,39.0
WhatsApp,2019-07-23,18.0
WhatsApp,2019-07-24,14.0
WhatsApp,2019-07-25,38.0
WhatsApp,2019-07-26,26.0
WhatsApp,2019-07-27,10.0
WhatsApp,2019-07-28,29.0
WhatsApp,2019-07-29,22.0
WhatsApp,2019-07-30,21.0
WhatsApp,2019-07-31,22.0
WhatsApp,2019-08-01,57.0
WhatsApp,2019-08-02,41.0
WhatsApp,2019-08-03,24.0
WhatsApp,2019-08-04,54.0
WhatsApp,2019-08-05,27.0
WhatsApp,2019-08-06,7.0
WhatsApp,2019-08-07,4.0
WhatsApp,2019-08-08,7.0
WhatsApp,2019-08-09,40.0
WhatsApp,2019-08-10,12.0
WhatsApp,2019-08-11,43.0
WhatsApp,2019-08-12,16.0
WhatsApp,2019-08-13,40.0
WhatsApp,2019-08-14,32.0
WhatsApp,2019-08-15,50.0
WhatsApp,2019-08-16,32.0
WhatsApp,2019-08-17,74.0
WhatsApp,2019-08-18,137.0
WhatsApp,2019-08-19,7.0
WhatsApp,2019-08-20,33.0
WhatsApp,2019-08-21,33.0
WhatsApp,2019-08-22,84.0
WhatsApp,2019-08-23,30.0
WhatsApp,2019-08-24,35.0
WhatsApp,2019-08-25,7.0
WhatsApp,2019-08-26,69.0
WhatsApp,2019-08-27,19.0
WhatsApp,2019-08-28,61.0
WhatsApp,2019-08-29,101.0
WhatsApp,2019-08-30,64.0
WhatsApp,2019-08-31,26.0
WhatsApp,2019-09-01,49.0
WhatsApp,2019-09-02,38.0
WhatsApp,2019-09-03,56.0
WhatsApp,2019-09-04,26.0
WhatsApp,2019-09-05,65.0
WhatsApp,2019-09-06,92.0
WhatsApp,2019-09-07,37.0
WhatsApp,2019-09-08,38.0
WhatsApp,2019-09-09,74.0
WhatsApp,2019-09-10,38.0
WhatsApp,2019-09-11,115.0
WhatsApp,2019-09-12,33.0
WhatsApp,2019-09-13,39.0
WhatsApp,2019-09-14,5.0
WhatsApp,2019-09-15,70.0
WhatsApp,2019-09-16,55.0
WhatsApp,2019-09-17,90.0
WhatsApp,2019-09-18,41.0
WhatsApp,2019-09-19,20.0
WhatsApp,2019-09-20,14.0
WhatsApp,2019-09-21,24.0
WhatsApp,2019-09-22,39.0
WhatsApp,2019-09-23,27.0
WhatsApp,2019-09-24,19.0
WhatsApp,2019-09-25,18.0
WhatsApp,2019-09-26,8.0
WhatsApp,2019-09-27,18.0
WhatsApp,2019-09-28,30.0
WhatsApp,2019-09-29,28.0
WhatsApp,2019-09-30,14.0
WhatsApp,2019-10-01,15.0
WhatsApp,2019-10-02,36.0
WhatsApp,2019-10-03,17.0
WhatsApp,2019-10-04,53.0
WhatsApp,2019-10-05,11.0
WhatsApp,2019-10-06,18.0
WhatsApp,2019-10-07,14.0
WhatsApp,2019-10-08,34.0
WhatsApp,2019-10-09,25.0
WhatsApp,2019-10-10,49.0
WhatsApp,2019-10-11,34.0
WhatsApp,2019-10-12,55.0
WhatsApp,2019-10-13,59.0
WhatsApp,2019-10-14,12.0
WhatsApp,2019-10-15,10.0
WhatsApp,2019-10-16,120.0
WhatsApp,2019-10-17,58.0
WhatsApp,2019-10-18,18.0
WhatsApp,2019-10-19,4.0
WhatsApp,2019-10-20,30.0
WhatsApp,2019-10-21,26.0
WhatsApp,2019-10-22,39.0
WhatsApp,2019-10-23,2.0
WhatsApp,2019-10-24,116.0
WhatsApp,2019-10-25,28.0
WhatsApp,2019-10-26,41.0
WhatsApp,2019-10-27,50.0
WhatsApp,2019-10-28,24.0
WhatsApp,2019-10-29,60.0
WhatsApp,2019-10-30,38.0
WhatsApp,2019-10-31,32.0
WhatsApp,2019-11-01,55.0
WhatsApp,2019-11-02,42.0
WhatsApp,2019-11-03,14.0
WhatsApp,2019-11-04,11.0
WhatsApp,2019-11-05,32.0
WhatsApp,2019-11-06,9.0
WhatsApp,2019-11-07,76.0
WhatsApp,2019-11-08,62.0
WhatsApp,2019-11-09,65.0
WhatsApp,2019-11-10,10.0
WhatsApp,2019-11-11,61.0
WhatsApp,2019-11-12,7.0
WhatsApp,2019-11-13,9.0
WhatsApp,2019-11-14,18.0
WhatsApp,2019-11-15,22.0
WhatsApp,2019-11-16,20.0
WhatsApp,2019-11-17,34.0
WhatsApp,2019-11-18,23.0
WhatsApp,2019-11-19,24.0
WhatsApp,2019-11-20,1.0
WhatsApp,2019-11-21,28.0
WhatsApp,2019-11-22,12.0
WhatsApp,2019-11-23,53.0
WhatsApp,2019-11-24,1.0
WhatsApp,2019-11-25,49.0
WhatsApp,2019-11-26,1.0
WordPress,2019-07-19,4.0
WordPress,2019-07-20,2.0
Xender,2019-06-03,6.0
Yahoo Mail,2019-10-14,1.0
YouTube,2019-05-17,1.0
YouTube,2019-05-18,2.0
YouTube,2019-05-21,2.0
YouTube,2019-05-22,3.0
YouTube,2019-05-23,46.0
YouTube,2019-05-26,11.0
YouTube,2019-05-27,29.0
YouTube,2019-05-28,22.0
YouTube,2019-05-29,38.0
YouTube,2019-05-30,25.0
YouTube,2019-05-31,16.0
YouTube,2019-06-01,20.0
YouTube,2019-06-02,1.0
YouTube,2019-06-06,30.0
YouTube,2019-06-07,22.0
YouTube,2019-06-08,22.0
YouTube,2019-06-09,68.0
YouTube,2019-06-10,41.0
YouTube,2019-06-11,10.0
YouTube,2019-06-12,27.0
YouTube,2019-06-13,4.0
YouTube,2019-06-14,29.0
YouTube,2019-06-15,8.0
YouTube,2019-06-17,13.0
YouTube,2019-06-18,15.0
YouTube,2019-06-19,28.0
YouTube,2019-06-20,24.0
YouTube,2019-06-21,22.0
YouTube,2019-06-22,4.0
YouTube,2019-06-24,17.0
YouTube,2019-06-25,22.0
YouTube,2019-06-26,27.0
YouTube,2019-06-27,10.0
YouTube,2019-06-28,19.0
YouTube,2019-06-29,27.0
YouTube,2019-06-30,21.0
YouTube,2019-07-02,45.0
YouTube,2019-07-03,64.0
YouTube,2019-07-04,4.0
YouTube,2019-07-05,100.0
YouTube,2019-07-07,2.0
YouTube,2019-07-08,23.0
YouTube,2019-07-09,133.0
YouTube,2019-07-10,24.0
YouTube,2019-07-11,29.0
YouTube,2019-07-12,27.0
YouTube,2019-07-13,1.0
YouTube,2019-07-14,69.0
YouTube,2019-07-15,75.0
YouTube,2019-07-16,60.0
YouTube,2019-07-17,57.0
YouTube,2019-07-18,30.0
YouTube,2019-07-19,23.0
YouTube,2019-07-20,46.0
YouTube,2019-07-21,8.0
YouTube,2019-07-22,36.0
YouTube,2019-07-23,34.0
YouTube,2019-07-24,58.0
YouTube,2019-07-25,29.0
YouTube,2019-07-26,55.0
YouTube,2019-07-27,4.0
YouTube,2019-07-28,11.0
YouTube,2019-07-29,21.0
YouTube,2019-07-30,29.0
YouTube,2019-07-31,57.0
YouTube,2019-08-01,22.0
YouTube,2019-08-02,75.0
YouTube,2019-08-03,65.0
YouTube,2019-08-04,3.0
YouTube,2019-08-05,24.0
YouTube,2019-08-06,46.0
YouTube,2019-08-07,39.0
YouTube,2019-08-08,24.0
YouTube,2019-08-09,40.0
YouTube,2019-08-10,5.0
YouTube,2019-08-11,12.0
YouTube,2019-08-12,79.0
YouTube,2019-08-13,23.0
YouTube,2019-08-14,36.0
YouTube,2019-08-15,56.0
YouTube,2019-08-16,48.0
YouTube,2019-08-17,65.0
YouTube,2019-08-18,30.0
YouTube,2019-08-19,32.0
YouTube,2019-08-20,28.0
YouTube,2019-08-21,51.0
YouTube,2019-08-22,33.0
YouTube,2019-08-23,35.0
YouTube,2019-08-24,15.0
YouTube,2019-08-25,22.0
YouTube,2019-08-26,48.0
YouTube,2019-08-27,53.0
YouTube,2019-08-28,29.0
YouTube,2019-08-29,25.0
YouTube,2019-08-30,39.0
YouTube,2019-08-31,57.0
YouTube,2019-09-01,4.0
YouTube,2019-09-02,62.0
YouTube,2019-09-03,49.0
YouTube,2019-09-04,71.0
YouTube,2019-09-05,11.0
YouTube,2019-09-06,5.0
YouTube,2019-09-07,82.0
YouTube,2019-09-08,45.0
YouTube,2019-09-09,41.0
YouTube,2019-09-10,19.0
YouTube,2019-09-11,48.0
YouTube,2019-09-12,23.0
YouTube,2019-09-13,59.0
YouTube,2019-09-14,6.0
YouTube,2019-09-16,38.0
YouTube,2019-09-17,32.0
YouTube,2019-09-18,30.0
YouTube,2019-09-19,20.0
YouTube,2019-09-20,42.0
YouTube,2019-09-21,16.0
YouTube,2019-09-22,16.0
YouTube,2019-09-23,17.0
YouTube,2019-09-24,61.0
YouTube,2019-09-25,11.0
YouTube,2019-09-26,40.0
YouTube,2019-09-27,4.0
YouTube,2019-09-28,19.0
YouTube,2019-09-29,16.0
YouTube,2019-09-30,5.0
YouTube,2019-10-01,25.0
YouTube,2019-10-02,10.0
YouTube,2019-10-03,25.0
YouTube,2019-10-04,17.0
YouTube,2019-10-05,2.0
YouTube,2019-10-08,3.0
YouTube,2019-10-09,76.0
YouTube,2019-10-10,29.0
YouTube,2019-10-11,59.0
YouTube,2019-10-12,51.0
YouTube,2019-10-13,125.0
YouTube,2019-10-14,33.0
YouTube,2019-10-15,27.0
YouTube,2019-10-16,15.0
YouTube,2019-10-17,22.0
YouTube,2019-10-20,3.0
YouTube,2019-10-21,9.0
YouTube,2019-10-23,4.0
YouTube,2019-10-24,9.0
YouTube,2019-10-26,7.0
YouTube,2019-10-27,14.0
YouTube,2019-10-28,2.0
YouTube,2019-10-29,6.0
YouTube,2019-10-30,2.0
YouTube,2019-11-01,31.0
YouTube,2019-11-02,8.0
YouTube,2019-11-03,3.0
YouTube,2019-11-04,6.0
YouTube,2019-11-05,12.0
YouTube,2019-11-07,5.0
YouTube,2019-11-08,1.0
YouTube,2019-11-09,10.0
YouTube,2019-11-10,9.0
YouTube,2019-11-11,7.0
YouTube,2019-11-12,21.0
YouTube,2019-11-15,5.0
YouTube,2019-11-16,4.0
YouTube,2019-11-18,5.0
YouTube,2019-11-19,4.0
YouTube,2019-11-21,14.0
YouTube,2019-11-22,1.0
YouTube,2019-11-23,1.0
YouTube,2019-11-24,16.0
YouTube,2019-11-25,4.0
YouTube,2019-11-26,16.0
Zedge Ringtones & Wallpapers,2019-05-17,5.0
Zedge Ringtones & Wallpapers,2019-05-18,3.0
Zedge Ringtones & Wallpapers,2019-05-22,9.0
Zedge Ringtones & Wallpapers,2019-06-09,13.0
Zedge Ringtones & Wallpapers,2019-06-10,6.0
Zedge Ringtones & Wallpapers,2019-06-26,7.0
Zedge Ringtones & Wallpapers,2019-07-01,2.0
Zedge Ringtones & Wallpapers,2019-07-15,8.0
Zedge Ringtones & Wallpapers,2019-08-09,4.0
Zedge Ringtones & Wallpapers,2019-09-23,6.0
Zedge Ringtones & Wallpapers,2019-11-04,7.0
Zedge Ringtones & Wallpapers,2019-11-07,18.0
redBus,2019-07-03,9.0
redBus,2019-07-04,10.0
redBus,2019-07-05,14.0
redBus,2019-07-07,2.0
redBus,2019-07-25,8.0
redBus,2019-07-26,6.0
redBus,2019-09-13,27.0
redBus,2019-09-14,1.0
redBus,2019-09-21,2.0
redBus,2019-09-23,3.0
redBus,2019-09-24,3.0
redBus,2019-09-26,12.0
redBus,2019-09-28,2.0
redBus,2019-10-03,4.0
redBus,2019-10-04,6.0
redBus,2019-10-06,8.0
redBus,2019-10-07,6.0
redBus,2019-10-08,7.0
redBus,2019-10-12,3.0
redBus,2019-10-15,4.0
redBus,2019-10-16,5.0
redBus,2019-10-23,2.0
redBus,2019-10-25,1.0
redBus,2019-10-28,3.0
redBus,2019-11-04,2.0
redBus,2019-11-15,5.0
